2619598836;0;0;0
2619603948,2;0;0;0
2619609060,4;0;0;0
2619614172,6;0;0;0
2619619284,8;0;0;0
2619624397;0;0;0
2619629509,2;0;0;0
2619634621,4;0;0;0
2619639733,6;0;0;0
2619644845,8;0;0;0
2619649958;0;0;0
2619655070,2;0;0;0
2619660182,4;0;0;0
2619665294,6;0;0;0
2619670406,8;0;0;0
2619675519;0;0;0
2619680631,2;0;0;0
2619685743,4;0;0;0
2619690855,6;0;0;0
2619695967,8;0;0;0
2619701080;0;0;0
2619706192,2;0,148748339709517;0,0082831250749385;3,35661871210882E-06
2619711304,4;0,595110909279903;0,0330175988256708;6,18829910373799E-06
2619716416,6;1,27083451835566;0,0702079331496907;8,22961295181865E-06
2619721528,8;2,10686002098159;0,11581361621088;9,48056025673162E-06
2619726641;3,03412827092904;0,165794136158179;9,94114101824352E-06
2619731753,2;3,9835801222023;0,216108981153271;9,61135523650791E-06
2619736865,4;4,8861564288139;0,262717639357966;8,49120291138343E-06
2619741977,6;5,67279804452281;0,301579598921017;6,58068404307906E-06
2619747089,8;6,27444582339449;0,328654348006617;3,87979863123838E-06
2619752202;6,62204061924406;0,339901374767162;3,88546676365246E-07
2619757314,2;6,45086199547404;0,332297959359321;-3,23796328865592E-06
2619762426,4;5,55555553182066;0,308132325595722;-6,08527160294697E-06
2619767538,6;4,10952538360315;0,271417760605912;-8,14736872232265E-06
2619772650,8;2,28893724240844;0,226168421052804;-9,42425464716765E-06
2619777763;0,269956800410967;0,176398463614105;-9,91592937724376E-06
2619782875,2;-1,77125025072325;0,12612204495488;-9,62239291270671E-06
2619787987,4;-3,65851821933647;0,0793533217400069;-8,54364525341925E-06
2619793099,6;-5,21568141324185;0,0401064506474746;-6,67968639958263E-06
2619798211,8;-6,26657414087315;0,0123955883397244;-4,03051635084912E-06
2619803324;-6,63503071019954;0,000234891491189271;-5,96135107712917E-07
2619808436,2;-6,36955910470271;0;0
2619813548,4;-5,8279017460256;0;0
2619818660,6;-5,08500663220478;0;0
2619823772,8;-4,20940920912498;0;0
2619828885;-3,2696449229643;0;0
2619833997,2;-2,33424921965566;0;0
2619839109,4;-1,47175754513358;0;0
2619844221,6;-0,750705345573746;0;0
2619849333,8;-0,239628066864947;0;0
2619854446;-0,00706115511730054;0;0
2619859558,2;0;0;0
2619864670,4;0;0;0
2619869782,6;0;0;0
2619874894,8;0;0;0
2619880007;0;0;0
2619885119,2;0;0;0
2619890231,4;0;0;0
2619895343,6;0;0;0
2619900455,8;0;0;0
2619905568;0;0;0
2619910680,2;0;0;0
2619915792,4;0;0;0
2619920904,6;0;0;0
2619926016,8;0;0;0
2619931129;0;0;0
2619936241,2;0;0;0
2619941353,4;0;0;0
2619946465,6;0;0;0
2619951577,8;0;0;0
2619956690;0;0;0
2619961802,2;0;0;0
2619966914,4;0;0;0
2619972026,6;0;0;0
2619977138,8;0;0;0
2619982251;0;0;0
2619987363,2;0;0;0
2619992475,4;0;0;0
2619997587,6;0;0;0
2620002699,8;0;0;0
2620007812;0;0;0
2620012924,2;0;0;0
2620018036,4;0;0;0
2620023148,6;0;0;0
2620028260,8;0;0;0
2620033373;0;0;0
2620038485,2;0;0;0
2620043597,4;0;0;0
2620048709,6;0;0;0
2620053821,8;0;0;0
2620058934;0;0;0
2620064046,2;0;0;0
2620069158,4;0;0;0
2620074270,6;0;0;0
2620079382,8;0;0;0
2620084495;0;0;0
2620089607,2;0;0;0
2620094719,4;0;0;0
2620099831,6;0;0;0
2620104943,8;0;0;0
2620110056;0;0;0
2620115168,2;0;0;0
2620120280,4;0;0;0
2620125392,6;0;0;0
2620130504,8;0;0;0
2620135617;0;0;0
2620140729,2;0;0;0
2620145841,4;0;0;0
2620150953,6;0;0;0
2620156065,8;0;0;0
2620161178;0;0;0
2620166290,2;0;0;0
2620171402,4;0;0;0
2620176514,6;0;0;0
2620181626,8;0;0;0
2620186739;0;0;0
2620191851,2;0;0;0
2620196963,4;0;0;0
2620202075,6;0;0;0
2620207187,8;0;0;0
2620212300;0;0;0
2620217412,2;0;0;0
2620222524,4;0;0;0
2620227636,6;0;0;0
2620232748,8;0;0;0
2620237861;0;0;0
2620242973,2;0;0;0
2620248085,4;0;0;0
2620253197,6;0;0;0
2620258309,8;0;0;0
2620263422;0;0;0
2620268534,2;0;0;0
2620273646,4;0;0;0
2620278758,6;0;0;0
2620283870,8;0;0;0
2620288983;0;0;0
2620294095,2;0;0;0
2620299207,4;0;0;0
2620304319,6;0;0;0
2620309431,8;0;0;0
2620314544;0;0;0
2620319656,2;0;0;0
2620324768,4;0;0;0
2620329880,6;0;0;0
2620334992,8;0;0;0
2620340105;0;0;0
2620345217,2;0;0;0
2620350329,4;0;0;0
2620355441,6;0;0;0
2620360553,8;0;0;0
2620365666;0;0;0
2620370778,2;0;0;0
2620375890,4;0;0;0
2620381002,6;0;0;0
2620386114,8;0;0;0
2620391227;0;0;0
2620396339,2;0;0;0
2620401451,4;0;0;0
2620406563,6;0;0;0
2620411675,8;0;0;0
2620416788;0;0;0
2620421900,2;0;0;0
2620427012,4;0;0;0
2620432124,6;0;0;0
2620437236,8;0;0;0
2620442349;0;0;0
2620447461,2;0;0;0
2620452573,4;0;0;0
2620457685,6;0;0;0
2620462797,8;0;0;0
2620467910;0;0;0
2620473022,2;0;0;0
2620478134,4;0;0;0
2620483246,6;0;0;0
2620488358,8;0;0;0
2620493471;0;0;0
2620498583,2;0;0;0
2620503695,4;0;0;0
2620508807,6;0;0;0
2620513919,8;0;0;0
2620519032;0;0;0
2620524144,2;0,0460857494755761;0,00242074871623315;2,52306969698409E-06
2620529256,4;0,590042374694185;0,0309602828095352;8,42273355056334E-06
2620534368,6;1,64660132794877;0,0862942799865098;1,30056263604319E-05
2620539480,8;3,08960770024598;0,161691143329839;1,62717481274445E-05
2620544593;4,79290658214183;0,250419275898655;1,82210988509921E-05
2620549705,2;6,63034306458991;0,345747080772879;1,88536785314407E-05
2620554817,4;8,47576223859382;0,440942961034895;1,81694871686649E-05
2620559929,6;10,2030091946345;0,529275319740142;1,61685247627925E-05
2620565041,8;11,6859290238438;0,604012559977458;1,28507913134502E-05
2620570154;12,7983668167702;0,658423084806097;8,2162868212569E-06
2620575266,2;13,3531566221073;0,684870549008609;1,27381297754932E-06
2620580378,4;12,5796102488408;0,669878858296509;-6,83413844232827E-06
2620585490,6;10,5297390426659;0,618111355084342;-1,31136571930166E-05
2620590602,8;7,52473583835498;0,538915352851116;-1,75647432756872E-05
2620595715;3,88579347158348;0,441638165099112;-2,01873966895097E-05
2620600827,2;-0,0658952227994316;0,335627105308854;-2,09816174349845E-05
2620605939,4;-4,00913741006128;0,230229486957608;-1,99474055119298E-05
2620611051,6;-7,6227402543516;0,134792623552542;-1,70847609205387E-05
2620616163,8;-10,5855109211897;0,0586638285645197;-1,2393683660277E-05
2620621276;-12,576256574908;0,0111904154952468;-5,87417373201995E-06
2620626388,2;-13,2661863612695;0,00165656397272139;2,33784299857E-06
2620631500,4;-12,3748729359206;0,0331738801096009;9,68727403922178E-06
2620636612,6;-10,1453333933946;0,097583470758194;1,52059915514537E-05
2620641724,8;-6,93408650217888;0,185526362232927;1,88939955362953E-05
2620646837;-3,09765103173135;0,287643580820969;2,07512859930586E-05
2620651949,2;1,00745424937607;0,394576152833874;2,07778629221729E-05
2620657061,4;5,02471057267172;0,49696510458499;1,89737263233847E-05
2620662173,6;8,59759916854727;0,585451462358792;1,53388761970303E-05
2620667285,8;11,369601268766;0,650676252474197;9,8733125424319E-06
2620672398;12,9841981039519;0,683280501222614;2,57703536060891E-06
2620677510,2;13,0925188501949;0,674359432391662;-5,70983776556781E-06
2620682622,4;11,7211611654308;0,631339043553807;-1,0903073228162E-05
2620687734,6;9,21952686005979;0,56510655865608;-1,479089721741E-05
2620692846,8;5,90749566843072;0,482335502218479;-1,73733097340371E-05
2620697959;2,1049473259371;0,389699398787967;-1,86503107775616E-05
2620703071,2;-1,86823843294637;0,293871772888495;-1,86219003482852E-05
2620708183,4;-5,69218187380861;0,201526149042822;-1,72880784460226E-05
2620713295,6;-9,04700326116062;0,119336051799698;-1,46488450710227E-05
2620718407,8;-11,6128228608128;0,0539750056761427;-1,07042002227931E-05
2620723520;-13,0697609375107;0,0121165352158717;-5,45414390206967E-06
2620728632,2;-13,1121617223274;0;0
2620733744,4;-12,2639489090013;0;0
2620738856,6;-11,0099739204926;0;0
2620743968,8;-9,46368143999107;0;0
2620749081;-7,73851615119469;0;0
2620754193,2;-5,94792273737189;0;0
2620759305,4;-4,20534588176665;0;0
2620764417,6;-2,62423026811362;0;0
2620769529,8;-1,31802057954154;0;0
2620774642;-0,400161499703644;0;0
2620779754,2;0,0183343368342123;0;0
2620784866,4;0,136254832509263;0;0
2620789978,6;0,156090737437709;0;0
2620795090,8;0,104794854714558;0;0
2620800203;0,00931998743733411;0;0
2620805315,2;-0,10338106130999;0;0
2620810427,4;-0,206355488449866;0;0
2620815539,6;-0,272650490875131;0;0
2620820651,8;-0,275313265506844;0;0
2620825764;-0,187391009256555;0;0
2620830876,2;0,0183244552483633;4,57201643053845E-05;2,65063584602425E-07
2620835988,4;0,416974896719675;0,0107226352479485;3,78030368402069E-06
2620841100,6;1,01597552316796;0,0373508499193201;6,5055469731171E-06
2620846212,8;1,762115958381;0,0758917424908594;8,44079345240005E-06
2620851325;2,60218582590223;0,122306691263351;9,58604312150853E-06
2620856437,2;3,48297474948202;0,172557074548184;9,94129598065988E-06
2620861549,4;4,35127235288589;0,22260427065818;9,50655202977671E-06
2620866661,6;5,15386825963451;0,268409657891976;8,28181126894012E-06
2620871773,8;5,83755209355364;0,305934614565589;6,26707369792164E-06
2620876886;6,34911347819839;0,331140518979994;3,46233931709712E-06
2620881998,2;6,63500632889697;0,339988842635685;-1,3100579757148E-07
2620887110,4;6,36045285700126;0,329963599743146;-3,66018066914265E-06
2620892222,6;5,38276978733905;0,303904056060781;-6,40396099941056E-06
2620897334,8;3,87802537783676;0,265825305556571;-8,36234678888706E-06
2620902447;2,02228788686203;0,219742442209964;-9,53533803720683E-06
2620907559,2;-0,0083744276304305;0,169670559989935;-9,92293474458915E-06
2620912671,4;-2,03789330775116;0,119624752863973;-9,5251369109603E-06
2620917783,6;-3,89020049503463;0,0736201148137576;-8,34194453639448E-06
2620922895,8;-5,38922773171757;0,0356717398035481;-6,37335762067096E-06
2620928008;-6,35890675943343;0,00979472181276647;-3,61937616415699E-06
2620933120,2;-6,623169320268;4,15480946558411E-06;-8,00001667055789E-08
2620938232,4;-6,31170736719323;0;0
2620943344,6;-5,73946209861088;0;0
2620948456,8;-4,97507620146244;0;0
2620953569;-4,08707783530434;0;0
2620958681,2;-3,14399515948166;0;0
2620963793,4;-2,21435633331897;0;0
2620968905,6;-1,36668951640351;0;0
2620974017,8;-0,669522867999503;0;0
2620979130;-0,191384547650831;0;0
2620984242,2;-0,000802714692887285;0;0
2620989354,4;0;0;0
2620994466,6;0;0;0
2620999578,8;0;0;0
2621004691;0;0;0
2621009803,2;0;0;0
2621014915,4;0;0;0
2621020027,6;0;0;0
2621025139,8;0;0;0
2621030252;0;0;0
2621035364,2;0;0;0
2621040476,4;0;0;0
2621045588,6;0;0;0
2621050700,8;0;0;0
2621055813;0;0;0
2621060925,2;0;0;0
2621066037,4;0;0;0
2621071149,6;0;0;0
2621076261,8;0;0;0
2621081374;0;0;0
2621086486,2;0;0;0
2621091598,4;0;0;0
2621096710,6;0;0;0
2621101822,8;0;0;0
2621106935;0;0;0
2621112047,2;0;0;0
2621117159,4;0;0;0
2621122271,6;0;0;0
2621127383,8;0;0;0
2621132496;0;0;0
2621137608,2;0;0;0
2621142720,4;0;0;0
2621147832,6;0;0;0
2621152944,8;0;0;0
2621158057;0;0;0
2621163169,2;0;0;0
2621168281,4;0;0;0
2621173393,6;0;0;0
2621178505,8;0;0;0
2621183618;0;0;0
2621188730,2;0;0;0
2621193842,4;0;0;0
2621198954,6;0;0;0
2621204066,8;0;0;0
2621209179;0;0;0
2621214291,2;0;0;0
2621219403,4;0;0;0
2621224515,6;0;0;0
2621229627,8;0;0;0
2621234740;0;0;0
2621239852,2;0;0;0
2621244964,4;0;0;0
2621250076,6;0;0;0
2621255188,8;0;0;0
2621260301;0;0;0
2621265413,2;0;0;0
2621270525,4;0;0;0
2621275637,6;0;0;0
2621280749,8;0;0;0
2621285862;0;0;0
2621290974,2;0;0;0
2621296086,4;0;0;0
2621301198,6;0;0;0
2621306310,8;0;0;0
2621311423;0;0;0
2621316535,2;0;0;0
2621321647,4;0;0;0
2621326759,6;0;0;0
2621331871,8;0;0;0
2621336984;0;0;0
2621342096,2;0;0;0
2621347208,4;0;0;0
2621352320,6;0;0;0
2621357432,8;0;0;0
2621362545;0;0;0
2621367657,2;0;0;0
2621372769,4;0;0;0
2621377881,6;0;0;0
2621382993,8;0;0;0
2621388106;0;0;0
2621393218,2;0;0;0
2621398330,4;0;0;0
2621403442,6;0;0;0
2621408554,8;0;0;0
2621413667;0;0;0
2621418779,2;0;0;0
2621423891,4;0;0;0
2621429003,6;0;0;0
2621434115,8;0;0;0
2621439228;0;0;0
2621444340,2;0;0;0
2621449452,4;0;0;0
2621454564,6;0;0;0
2621459676,8;0;0;0
2621464789;0;0;0
2621469901,2;0;0;0
2621475013,4;0;0;0
2621480125,6;0;0;0
2621485237,8;0;0;0
2621490350;0;0;0
2621495462,2;0;0;0
2621500574,4;0;0;0
2621505686,6;0;0;0
2621510798,8;0;0;0
2621515911;0;0;0
2621521023,2;0;0;0
2621526135,4;0;0;0
2621531247,6;0;0;0
2621536359,8;0;0;0
2621541472;0;0;0
2621546584,2;0;0;0
2621551696,4;0;0;0
2621556808,6;0;0;0
2621561920,8;0;0;0
2621567033;0;0;0
2621572145,2;0;0;0
2621577257,4;0;0;0
2621582369,6;0;0;0
2621587481,8;0;0;0
2621592594;0;0;0
2621597706,2;0;0;0
2621602818,4;0;0;0
2621607930,6;0;0;0
2621613042,8;0;0;0
2621618155;0;0;0
2621623267,2;0;0;0
2621628379,4;0;0;0
2621633491,6;0;0;0
2621638603,8;0;0;0
2621643716;0;0;0
2621648828,2;0;0;0
2621653940,4;0;0;0
2621659052,6;0;0;0
2621664164,8;0;0;0
2621669277;0;0;0
2621674389,2;0;0;0
2621679501,4;0;0;0
2621684613,6;0;0;0
2621689725,8;0;0;0
2621694838;0;0;0
2621699950,2;0;0;0
2621705062,4;0;0;0
2621710174,6;0;0;0
2621715286,8;0;0;0
2621720399;0;0;0
2621725511,2;0;0;0
2621730623,4;0;0;0
2621735735,6;0;0;0
2621740847,8;0;0;0
2621745960;0;0;0
2621751072,2;0;0;0
2621756184,4;0;0;0
2621761296,6;0;0;0
2621766408,8;0;0;0
2621771521;0;0;0
2621776633,2;0;0;0
2621781745,4;0;0;0
2621786857,6;0;0;0
2621791969,8;0;0;0
2621797082;0;0;0
2621802194,2;0;0;0
2621807306,4;0;0;0
2621812418,6;0;0;0
2621817530,8;0;0;0
2621822643;0;0;0
2621827755,2;0;0;0
2621832867,4;0;0;0
2621837979,6;0;0;0
2621843091,8;0;0;0
2621848204;0;0;0
2621853316,2;0;0;0
2621858428,4;0,0368050610126265;0,00118968410747523;1,21198012739775E-06
2621863540,6;0,448845346590355;0,0147541443262585;3,99584100582931E-06
2621868652,8;1,22422527638656;0,041033766406349;6,18641847459979E-06
2621873765;2,24515047725251;0,076995566894949;7,78371253330055E-06
2621878877,2;3,39382657625049;0,119606562346305;8,78772318216357E-06
2621883989,4;4,55245920049045;0,165833769317143;9,1984504211995E-06
2621889101,6;5,60325397675217;0,212644204350945;9,01589425033171E-06
2621894213,8;6,42841653221293;0,257004884008171;8,24005466952616E-06
2621899326;6,91015249371473;0,295882824832651;6,87093167892756E-06
2621904438,2;6,93066748835196;0,326245043381024;4,90852527849123E-06
2621909550,4;6,41258913814341;0,345697311015794;3,08159114753951E-06
2621914662,6;5,75760986127746;0,359767264284052;2,4228700506853E-06
2621919774,8;5,09916258260302;0,370469703561938;1,76414895376965E-06
2621924887;4,43798874010209;0,377804628847456;1,10542785691544E-06
2621929999,2;3,77482977157249;0,381772040141762;4,4670676006123E-07
2621935111,4;3,11042711481133;0,382371937444755;-2,12014336854422E-07
2621940223,6;2,4455222078017;0,379604320756322;-8,70735433708633E-07
2621945335,8;1,78085648827882;0,373469190075947;-1,52945653062429E-06
2621950448;1,11717139422583;0,363966545404775;-2,1881776274785E-06
2621955560,2;0,455208363439817;0,351096386742391;-2,84689872433271E-06
2621960672,4;-0,210591316203066;0,33457517731654;-3,87587341989664E-06
2621965784,6;-0,969947056870667;0,310351677182472;-5,53550947390598E-06
2621970896,8;-1,81867569727918;0,278646171530871;-6,80299110497286E-06
2621976009;-2,71307422488449;0,241463432209211;-7,6783183128608E-06
2621981121,2;-3,60943962737987;0,200808231056254;-8,16149109770634E-06
2621986233,4;-4,46406889245934;0,158685339909468;-8,25250945949967E-06
2621991345,6;-5,23325900757768;0,117099530618269;-7,95137339822381E-06
2621996457,8;-5,87330696048715;0,0780555750167082;-7,25808291382259E-06
2622001570;-6,34050973868257;0,0435582449536264;-6,17263800642533E-06
2622006682,2;-6,59116432984794;0,0156123122666352;-4,69503867598566E-06
2622011794,4;-6,58362064266958;-0,00397640727799098;-3,1524715818183E-06
2622016906,6;-6,34253088072617;-0,0184074697039287;-2,49326310245701E-06
2622022018,8;-5,91495704295865;-0,0294685265426759;-1,83405462303423E-06
2622027131;-5,33500444713025;-0,0371595777921692;-1,17484614367294E-06
2622032243,2;-4,6367784108901;-0,0414806234535974;-5,1563766431165E-07
2622037355,4;-3,85438425184319;-0,042431663526892;1,43570815111129E-07
2622042467,6;-3,02192728781896;-0,0400126980118758;8,0277929447242E-07
2622047579,8;-2,17351283634983;-0,0342237269080973;1,4619877738952E-06
2622052692;-1,34324621527758;-0,0250647502166366;2,12119625325649E-06
2622057804,2;-0,565232742204103;-0,0125357679371108;2,78040473261778E-06
2622062916,4;0,13081766154247;0,00348944204287578;3,6904641818406E-06
2622068028,6;0,862586065137767;0,0268949049461956;5,40029457009114E-06
2622073140,8;1,67010526766962;0,0580299160129609;6,71442574860178E-06
2622078253;2,51830796859753;0,094871581736717;7,63285771712736E-06
2622083365,2;3,37212686760669;0,13539700861955;8,15559047580891E-06
2622088477,4;4,19649466438438;0,17758330316492;8,28262402463982E-06
2622093589,6;4,95634405838696;0,21940757186431;8,0139583635964E-06
2622098701,8;5,61660774936195;0,258846921224626;7,34959349262853E-06
2622103814;6,14221843679632;0,293878457737863;6,28952941186014E-06
2622108926,2;6,49810882036969;0,322479287907353;4,83376612124772E-06
2622114038,4;6,64847500497214;0,342703564760279;3,16902667252105E-06
2622119150,6;6,54085191359031;0,356742258823647;2,33412399743066E-06
2622124262,8;6,1905511294548;0,366680219613751;1,56473369715341E-06
2622129375;5,64145887540038;0,372852359491624;8,60855771832824E-07
2622134487,2;4,93746137417105;0,375593590821237;2,22490221394089E-07
2622139599,4;4,12244484845299;0,37523882596528;-3,50362954213176E-07
2622144711,6;3,24029552116768;0,372122977286705;-8,57703754882106E-07
2622149823,8;2,33489961492544;0,366580957147857;-1,29953218070734E-06
2622154936;1,45014335266462;0,358947677912654;-1,67584823160647E-06
2622160048,2;0,629912957067185;0,349558051943545;-1,98665190762374E-06
2622165160,4;-0,0828111351624253;0,338672365588112;-2,49545609142316E-06
2622170272,6;-0,742062926299079;0,319781719405476;-4,80767501381219E-06
2622175384,8;-1,40082641171862;0,290409224236543;-6,59617554054744E-06
2622180497;-2,05905786863551;0,253232233269889;-7,86095767129529E-06
2622185609,2;-2,71671357444859;0,210928099686113;-8,60202140624695E-06
2622190721,4;-3,37374980655645;0,166174176663897;-8,81936674539831E-06
2622195833,6;-4,03012284217388;0,121647817394688;-8,51299368870879E-06
2622200945,8;-4,68578895876069;0,0800263750536099;-7,68290223612126E-06
2622206058;-5,34070443353191;0,0439872028315245;-6,32909238779055E-06
2622211170,2;-5,99482554388608;0,0162076539072618;-4,45156414366368E-06
2622216282,4;-6,64633438765879;-0,000612219012481564;-1,89906895629924E-06
2622221394,6;-6,75367966366684;0,00209880977336155;2,78485357928308E-06
2622226506,8;-6,02157368153468;0,0260737390810648;6,41981548497217E-06
2622231619;-4,64531284722652;0,0659500723723155;9,00581676008994E-06
2622236731,2;-2,82019356652262;0,116365313115018;1,05428574050244E-05
2622241843,4;-0,741512245035807;0,17195696478101;1,1030937419772E-05
2622246955,6;1,39543471101852;0,22736253082608;1,04700568042419E-05
2622252067,8;3,39535089618708;0,277219514726057;8,8602155583293E-06
2622257180;5,06293990426916;0,3161654199378;6,2014136823346E-06
2622262292,2;6,20290532964827;0,338837749932879;2,49365117615655E-06
2622267404,4;6,61995564027023;0,339874898903374;-2,23145534233199E-06
2622272516,6;6,22223484055524;0,322704670290898;-4,40956920931976E-06
2622277628,8;5,16078762729753;0,295570122504892;-6,12970626026738E-06
2622282741;3,60731963531052;0,260812524630184;-7,39186649485393E-06
2622287853,2;1,73353649912559;0,220773145744256;-8,19604991326124E-06
2622292965,4;-0,288856146845417;0,177793254922617;-8,54225651550023E-06
2622298077,6;-2,2881526676098;0,134214121253054;-8,43048630150632E-06
2622303189,8;-4,09264742890374;0,0923770138074919;-7,86073927125865E-06
2622308302;-5,53063479577519;0,0546232016735034;-6,83301542486352E-06
2622313414,2;-6,43040913380213;0,023293953926652;-5,34731476228914E-06
2622318526,4;-6,62026480836174;0,00073053964489922;-3,40363728333285E-06
2622323638,6;-6,31014623169952;-0,0143816502871294;-2,571792437463E-06
2622328750,8;-5,89497863545233;-0,0256378544135327;-1,83841431514478E-06
2622333863;-5,38596621647693;-0,0332452350296751;-1,14429605259918E-06
2622338975,2;-4,79361388403755;-0,0374044963915456;-4,89437649755952E-07
2622344087,4;-4,12842654736734;-0,0383163427538473;1,26160893440486E-07
2622349199,6;-3,40090911588947;-0,0361814783711885;7,02499576875297E-07
2622354311,8;-2,62156649876861;-0,0312006074979748;1,23957840065599E-06
2622359424;-1,80090360544923;-0,0235744343899136;1,73739736468239E-06
2622364536,2;-0,949425345159154;-0,0135036633014333;2,1959564690064E-06
2622369648,4;-0,077636627114714;-0,00118899848604954;2,61525571366532E-06
2622374760,6;0,914685541486957;0,0260366823362367;8,32556758656772E-06
2622379872,8;2,14131229071843;0,0816399271111831;1,31904092141523E-05
2622384985;3,54291764274108;0,158475676418839;1,66321692605247E-05
2622390097,2;5,05907105126819;0,249268852606633;1,86508477262052E-05
2622395209,4;6,62934197005582;0,3467443780272;1,9246444611183E-05
2622400321,6;8,19329985241525;0,44362717500525;1,84189599153468E-05
2622405433,8;9,69051415223498;0,532642165900842;1,61683936385425E-05
2622410546;11,0605543228399;0,606514273040265;1,24947457811898E-05
2622415658,2;12,2429898179827;0,657968418775759;7,39801634314511E-06
2622420770,4;13,177390091346;0,6797295254512;8,78205323733988E-07
2622425882,6;13,2257748122791;0,665305331454981;-6,33074779951142E-06
2622430994,8;11,6816251607808;0,617649776870411;-1,20519180739802E-05
2622436107;8,90954387200412;0,544752189671041;-1,6205961062025E-05
2622441219,2;5,28592750467052;0,45462403796411;-1,87928767642524E-05
2622446331,4;1,18717261718374;0,355276789850427;-1,98126651806844E-05
2622451443,6;-3,01032423086582;0,254721913459403;-1,9265326311131E-05
2622456555,8;-6,93016648138862;0,160970876884156;-1,71508601554898E-05
2622461668;-10,1959575748277;0,082035148253054;-1,34692667141555E-05
2622466780,2;-12,4313009527708;0,0259261956671678;-8,22054598700382E-06
2622471892,4;-13,2598000564216;0,000655487236083885;-1,40469797332595E-06
2622477004,6;-12,7646904959608;0;0
2622482116,8;-11,7359460773348;0;0
2622487229;-10,3188382743364;0;0
2622492341,2;-8,63880705894626;0;0
2622497453,4;-6,82129240304726;0;0
2622502565,6;-4,99173427904297;0;0
2622507677,8;-3,27557265867224;0;0
2622512790;-1,79824751431974;0;0
2622517902,2;-0,685198817872964;0;0
2622523014,4;-0,0618665413552932;0;0
2622528126,6;0,108896652011098;0;0
2622533238,8;0,158546930949454;0;0
2622538351;0,128000370707576;0;0
2622543463,2;0,0442259887035246;0;0
2622548575,4;-0,0658071976645;0;0
2622553687,6;-0,175130170965024;0;0
2622558799,8;-0,256773913804142;0;0
2622563912;-0,283769408755675;0;0
2622569024,2;-0,2291476384201;0;0
2622574136,4;-0,0659395853674403;0;0
2622579248,6;0,258115969848541;0,00515030113304902;2,68631984024834E-06
2622584360,8;0,7959209337435;0,0268662472161491;5,67771737667525E-06
2622589473;1,49867148889004;0,0618550324717183;7,87893326501757E-06
2622594585,2;2,3131685714272;0,106077090281465;9,28996750559117E-06
2622599697,4;3,1862131175357;0,155492854030543;9,91082009841711E-06
2622604809,6;4,06460606314674;0,206062757089846;9,74149104337956E-06
2622609921,8;4,89514834451166;0,25374723284842;8,78198034044695E-06
2622615034;5,62464089756959;0,294506714677483;7,03228798979826E-06
2622620146,2;6,19988465849927;0,324301635962106;4,49241399138086E-06
2622625258,4;6,56768056342189;0,339092430083273;1,16235834484728E-06
2622630370,6;6,539901912764;0,336078232540187;-2,15140087967575E-06
2622635482,8;5,77923191882933;0,318224210424467;-4,73533586670837E-06
2622640595;4,43271699326242;0,288665601774323;-6,73048093780083E-06
2622645707,2;2,67623218578291;0,250412418395512;-8,13683609322161E-06
2622650819,4;0,68565254595744;0,20647467209055;-8,95440133301951E-06
2622655931,6;-1,36314687607119;0,159862374674652;-9,18317665704201E-06
2622661043,8;-3,29429103089188;0,113585537946514;-8,82316206533178E-06
2622666156;-4,93190486837291;0,0706541737217885;-7,874357557956E-06
2622671268,2;-6,10011333894487;0,0340782938028807;-6,33676313490854E-06
2622676380,4;-6,62304139286318;0,00686790999456738;-4,21037879596359E-06
2622681492,6;-6,48442316186422;-0,0100563616457772;-2,80920629144069E-06
2622686604,8;-6,15762519121003;-0,0224957227564111;-2,06386555667345E-06
2622691717;-5,70402781107218;-0,0312249400080736;-1,3577200984308E-06
2622696829,2;-5,14000968545126;-0,0364443874943812;-6,90769916641389E-07
2622701941,4;-4,48194947830664;-0,0383544393076406;-6,30150112484962E-08
2622707053,6;-3,74622585378702;-0,037155469539788;5,25544617630773E-07
2622712165,8;-2,94921747578308;-0,0330478522829168;1,07490897010621E-06
2622717278;-2,10730300846944;-0,0262319616300857;1,58507804607534E-06
2622722390,2;-1,23686111579899;-0,016908171673321;2,05605184559123E-06
2622727502,4;-0,354270461713994;-0,00527685650371302;2,48783036869232E-06
2622732614,6;0,573975013566145;0,013681118185942;6,22028246908594E-06
2622737726,8;1,72093267434861;0,0586875188051108;1,11763183390319E-05
2622742839;3,0540606442403;0,125796470246645;1,4867264522796E-05
2622747951,2;4,51726064508429;0,208540581022717;1,72931210208995E-05
2622753063,4;6,05443439877217;0,300452459651335;1,84538878333917E-05
2622758175,6;7,60948362675934;0,395064714624056;1,83495649600561E-05
2622763287,8;9,12631005107106;0,485909954466432;1,69801524008731E-05
2622768400;10,5488153931665;0,566520787670218;1,43456501560983E-05
2622773512,2;11,8209013749364;0,630429822753373;1,04460582256629E-05
2622778624,4;12,8864697182151;0,671169668227622;5,2813766090262E-06
2622783736,6;13,4393724022463;0,68020141611638;-2,41035179745442E-06
2622788848,8;12,4359937570866;0,64801555660493;-9,86788806088281E-06
2622793961;10,0857161982184;0,582513983859597;-1,5444158471011E-05
2622799073,2;6,7575253274463;0,493314105170109;-1,91391630286223E-05
2622804185,4;2,82040674621012;0,390033327817353;-2,09529017337983E-05
2622809297,6;-1,35665394290305;0,282289059112221;-2,08853745862004E-05
2622814409,8;-5,40467113877392;0,179698706327436;-1,89365815858162E-05
2622819522;-8,95465923879468;0,0918796767737596;-1,51065227330092E-05
2622824634,2;-11,6376326415307;0,0284493777321121;-9,39519802768527E-06
2622829746,4;-13,0846057452239;-0,000974783507488697;-1,8026074690486E-06
2622834858,6;-13,0160885628719;0,00866208517214192;4,03125435917822E-06
2622839970,8;-11,8212232942656;0,03531887028171;6,2928126200995E-06
2622845083;-9,80657060742627;0,0719325685154707;7,92660787707674E-06
2622850195,2;-7,21791829373908;0,115293929847931;8,93264013035017E-06
2622855307,4;-4,3010541443749;0,162193704256117;9,31090937992579E-06
2622860419,6;-1,30176595134763;0,209422641703614;9,06141562573304E-06
2622865531,8;1,53415849440193;0,253771492171169;8,18415886772538E-06
2622870644;3,960931400875;0,292031005622846;6,67913910606644E-06
2622875756,2;5,73276497689688;0,320991932035549;4,5463563407037E-06
2622880868,4;6,60387143104853;0,337445021382716;1,78581057135038E-06
2622885980,6;6,43892360889091;0,340000003576279;0
2622891092,8;5,91145911960139;0,340000003576279;0
2622896205;5,22222291757159;0,340000003576279;0
2622901317,2;4,42192690200716;0,340000003576279;0
2622906429,4;3,56128297207229;0,340000003576279;0
2622911541,6;2,69100302717718;0,340000003576279;0
2622916653,8;1,86179896641545;0,340000003576279;0
2622921766;1,12438268919142;0,340000003576279;0
2622926878,2;0,529466094670778;0,340000003576279;0
2622931990,4;0,127761082072336;0,340000003576279;0
2622937102,6;-0,0499851748783475;0,340000003576279;0
2622942214,8;-0,158060641267926;0,340000003576279;0
2622947327;-0,239961893256876;0,340000003576279;0
2622952439,2;-0,295687296569939;0,340000003576279;0
2622957551,4;-0,325235216922091;0,340000003576279;0
2622962663,6;-0,328604020021259;0,340000003576279;0
2622967775,8;-0,305792071581511;0,340000003576279;0
2622972888;-0,256797737320542;0,340000003576279;0
2622978000,2;-0,181619382950886;0,340000003576279;0
2622983112,4;-0,0802553741753066;0,340000003576279;0
2622988224,6;0,0625091111959632;0,341093823272889;1,21750729103428E-06
2622993336,8;0,413542188717003;0,355380767077296;4,25711882507365E-06
2622998449;0,976660117328555;0,383447301034292;6,60837234110636E-06
2623003561,2;1,69824708818314;0,421774401286547;8,27126783944803E-06
2623008673,4;2,52468729249239;0,466843043980562;9,24580532015747E-06
2623013785,6;3,4023649212293;0,515134205249746;9,53198478305287E-06
2623018897,8;4,2776641656781;0,563128861244488;9,12980622818763E-06
2623024010;5,09696921680268;0,607307988097654;8,03926965563675E-06
2623029122,2;5,80666426581694;0,644152561955878;6,26037506539484E-06
2623034234,4;6,35313350389392;0,670143558963061;3,79312245719966E-06
2623039346,6;6,63963298712533;0,680668960129123;-7,56633061577858E-07
2623044458,8;6,01162470828571;0,658179944357696;-7,77645628664419E-06
2623049571;4,44701553529634;0,603869704822668;-1,32057640685859E-05
2623054683,2;2,18371266987936;0,525869274567989;-1,70445564081318E-05
2623059795,4;-0,540376686503762;0,432309686628772;-1,92928333054175E-05
2623064907,6;-3,48734533159669;0,331321974067414;-1,99505947600236E-05
2623070019,8;-6,41928606417147;0,231037169911033;-1,90178407720728E-05
2623075132;-9,09829168193298;0,139586307223279;-1,64945713417391E-05
2623080244,2;-11,2864549834295;0,0651004190389518;-1,23807864690097E-05
2623085356,4;-12,745868767026;0,0157105383991799;-6,67648615327824E-06
2623090468,6;-13,2362589182416;-0,000941809110169312;-1,86274587547165E-07
2623095580,8;-12,591487369401;0,00881931242377739;3,84797098388992E-06
2623100693;-10,9904297445289;0,0367955479174828;6,93986052509462E-06
2623105805,2;-8,68022818048607;0,0781693848754322;9,08939403648716E-06
2623110917,4;-5,90802481386884;0,128123310807109;1,02965715181362E-05
2623116029,6;-2,9209617820823;0,181839813207395;1,05613929698165E-05
2623121141,8;0,0338187785120816;0,23450137958991;9,88385839157757E-06
2623126254;2,70917473047517;0,281290497449031;8,26396778354569E-06
2623131366,2;4,85796393721919;0,317389654294367;5,70172114570166E-06
2623136478,4;6,23304426195989;0,33798133763154;2,19711847767465E-06
2623141590,6;6,5952673635903;0,338382164194958;-1,96667596723393E-06
2623146702,8;6,07865825242471;0,320530128979963;-4,89958345771434E-06
2623151815;4,9444492436478;0,289491621082107;-7,1255010073634E-06
2623156927,2;3,35748443164766;0,248880914474267;-8,64442861648767E-06
2623162039,4;1,48260791064348;0,202312283125751;-9,45636628512989E-06
2623167151,6;-0,515336224599804;0,153400001019343;-9,5613140131386E-06
2623172263,8;-2,47150388001924;0,105758342120464;-8,95927180053338E-06
2623177376;-4,22105096083473;0,0630015804120995;-7,65023964742655E-06
2623182488,2;-5,59913337283088;0,0287439898635062;-5,63421755379491E-06
2623187600,4;-6,44090702165371;0,00659984444711204;-2,9112055193515E-06
2623192712,6;-6,58277268723833;0,000193146088412983;5,41469888676062E-07
2623197824,8;-6,00771001759839;0,012115327315943;3,99159897389365E-06
2623202937;-4,87294477876292;0,0396640350071334;6,65489521061883E-06
2623208049,2;-3,32629054326077;0,0788168222761622;8,5313585992101E-06
2623213161,4;-1,51556088346708;0,125551242241537;9,62098913973239E-06
2623218273,6;0,411430627717096;0,175844848008147;9,92378683198244E-06
2623223385,8;2,30687041806959;0,22567519269848;9,43975167601674E-06
2623228498;4,02294491467354;0,27101982941685;8,16888367192558E-06
2623233610,2;5,41184054515775;0,307856311281907;6,1111828197005E-06
2623238722,4;6,32574373702894;0,332162191409129;3,2666491190395E-06
2623243834,6;6,61660185729244;0,339906716682607;-3,97612234899799E-07
2623248946,8;6,16633854458579;0,327654247167389;-4,24304980754136E-06
2623254059;5,07583679104239;0,298085971302855;-7,17191932428482E-06
2623259171,2;3,51255192914925;0,255887568301952;-9,18422078553163E-06
2623264283,4;1,64393929121701;0,205744717372913;-1,02799541913412E-05
2623269395,6;-0,362545789898781;0,15234309773859;-1,04591195415092E-05
2623274507,8;-2,33944798204464;0,100368388603105;-9,72171683606897E-06
2623279620;-4,11931195234479;0,054506269189653;-8,06774607515812E-06
2623284732,2;-5,53468236849367;0,0194424187063812;-5,49720725875061E-06
2623289844,4;-6,41810389804972;-0,000137483634533142;-2,01010038647842E-06
2623294956,6;-6,60219560249902;0,000445544219933897;2,32505706956817E-06
2623300068,8;-6,03256905080393;0,0195690200937934;5,04711517853027E-06
2623305181;-4,86616828809205;0,0509314030930329;7,11317456406075E-06
2623310293,2;-3,26405169961849;0,0911790965464135;8,52323522644412E-06
2623315405,4;-1,38727767047582;0,136958503786011;9,27729716572011E-06
2623320517,6;0,603095413697914;0,184916028130678;9,37536038174806E-06
2623325629,8;2,54600916796604;0,231698072916335;8,81742487454625E-06
2623330742;4,28040520667819;0,273951041461647;7,60349064421878E-06
2623335854,2;5,64522514474487;0,308321337098736;5,73355769074418E-06
2623340966,4;6,47941059693872;0,331455363156785;3,20762601385627E-06
2623346078,6;6,62190317781619;0,339999522958869;2,56956140262487E-08
2623351190,8;6,24133721988545;0,340000003576279;0
2623356303;5,65761330780223;0,340000003576279;0
2623361415,2;4,923544729737;0,340000003576279;0
2623366527,4;4,09192877478238;0,340000003576279;0
2623371639,6;3,2155627322707;0,340000003576279;0
2623376751,8;2,34724389122223;0,340000003576279;0
2623381864;1,53976954097617;0,340000003576279;0
2623386976,2;0,845936970623418;0,340000003576279;0
2623392088,4;0,318543469297278;0,340000003576279;0
2623397200,6;0,0103863262733341;0,340000003576279;0
2623402312,8;-0,113928370999275;0,340000003576279;0
2623407425;-0,158093921366308;0,340000003576279;0
2623412537,2;-0,14196878318771;0,340000003576279;0
2623417649,4;-0,0850940277202114;0,340000003576279;0
2623422761,6;-0,00701072623927169;0,340000003576279;0
2623427873,8;0,0727400500023973;0,340000003576279;0
2623432986;0,134617229725069;0,340000003576279;0
2623438098,2;0,15907974167308;0,340000003576279;0
2623443210,4;0,126586514576804;0,340000003576279;0
2623448322,6;0,0175964771774551;0,340000003576279;0
2623453434,8;-0,255901546122262;0,33248237642713;-3,20311032455747E-06
2623458547;-0,770539784871359;0,308465608977225;-6,06170145061516E-06
2623463659,2;-1,46893089816054;0,27184504440685;-8,13398044737778E-06
2623468771,4;-2,29246946284339;0,226640467578745;-9,4199473149286E-06
2623473883,6;-3,18255005553445;0,176871663368886;-9,91960205302773E-06
2623478995,8;-4,08056725316066;0,126558416636036;-9,63294466176837E-06
2623484108;-4,9279156323227;0,079720512257124;-8,55997514120401E-06
2623489220,2;-5,6659897698776;0,0403777350946526;-6,70069349134457E-06
2623494332,4;-6,23618424264165;0,0125498700139206;-4,05509971190662E-06
2623499444,6;-6,57989362727666;0,000256701887663802;-6,23193803383686E-07
2623504556,8;-6,45359068136299;0,00672870463797237;3,04238481870798E-06
2623509669;-5,59822703601317;0,0300277620854919;5,94152121439352E-06
2623514781,2;-4,18217883664365;0,0661360131914889;8,05361038067952E-06
2623519893,4;-2,38156476675774;0,111029915114449;9,37865231765287E-06
2623525005,6;-0,372503510388752;0,160685924999699;9,91664702506637E-06
2623530117,8;1,66888624911878;0,211080500009703;9,6675945030204E-06
2623535230;3,56648582768664;0,25819009728876;8,6314947515614E-06
2623540342,2;5,14417654182273;0,297991173995613;6,80834777070287E-06
2623545454,4;6,22583970791562;0,326460187286277;4,19815356016462E-06
2623550566,6;6,63535664206612;0,339573594309143;8,00912120433587E-07
2623555678,8;6,39220069337252;0,340000003576279;0
2623560791;5,86421552504288;0,340000003576279;0
2623565903,2;5,13137091111893;0,340000003576279;0
2623571015,4;4,26207901724892;0,340000003576279;0
2623576127,6;3,32475200933387;0,340000003576279;0
2623581239,8;2,38780205294632;0,340000003576279;0
2623586352;1,51964131399991;0,340000003576279;0
2623591464,2;0,788681958139735;0,340000003576279;0
2623596576,4;0,263336151062055;0,340000003576279;0
2623601688,6;0,0120160586037468;0,340000003576279;0
2623606800,8;0;0,340000003576279;0
2623611913;0;0,340000003576279;0
2623617025,2;0;0,340000003576279;0
2623622137,4;0;0,340000003576279;0
2623627249,6;0;0,340000003576279;0
2623632361,8;0;0,340000003576279;0
2623637474;0;0,340000003576279;0
2623642586,2;0;0,340000003576279;0
2623647698,4;0;0,340000003576279;0
2623652810,6;0;0,340000003576279;0
2623657922,8;0;0,340000003576279;0
2623663035;0;0,340000003576279;0
2623668147,2;0;0,340000003576279;0
2623673259,4;0;0,340000003576279;0
2623678371,6;0;0,340000003576279;0
2623683483,8;0;0,340000003576279;0
2623688596;0;0,340000003576279;0
2623693708,2;0;0,340000003576279;0
2623698820,4;0;0,340000003576279;0
2623703932,6;0;0,340000003576279;0
2623709044,8;0,0582349158236679;0,342671741141131;1,60583336186996E-06
2623714157;0,36034063793831;0,35663594733164;3,79172369612126E-06
2623719269,2;0,876896135244641;0,380769798517936;5,58441205447432E-06
2623724381,4;1,55903103759447;0,413063167562237;6,98389843704134E-06
2623729493,6;2,35787497463875;0,45150592731725;7,99018284356123E-06
2623734605,8;3,22455757629859;0,494087950648628;8,60326527422172E-06
2623739718;4,11020847219051;0,53879911040716;8,82314572890844E-06
2623744830,2;4,96595729217493;0,583629279455543;8,64982420769691E-06
2623749942,4;5,74293366610112;0,62656833065652;8,08330071051596E-06
2623755054,6;6,39226722360231;0,665606136860813;7,12357523747126E-06
2623760166,8;6,87584652658474;0,69997530786033;6,61683116725436E-06
2623765279;7,21735692562757;0,73380069403895;6,61637025387088E-06
2623770391,2;7,43484300018187;0,767623723772109;6,61590927630312E-06
2623775503,4;7,5429506855202;0,80144439673484;6,61544823455105E-06
2623780615,6;7,55632591689063;0,83526271259271;6,61498712861476E-06
2623785727,8;7,4896146295657;0,869078671023905;6,61452595849415E-06
2623790840;7,35746275882612;0,902892271693994;6,61406472418931E-06
2623795952,2;7,17451623993625;0,936703514278009;6,61360342570021E-06
2623801064,4;6,95542100814155;0,970512398450979;6,61314206302679E-06
2623806176,6;6,71482299875112;1,00431892387848;6,61268063616914E-06
2623811288,8;6,33373633315351;1,03064408524295;1,24879818220832E-06
2623816401;5,19736400674877;1,01447583787928;-7,24673089186012E-06
2623821513,2;3,38385821961779;0,95989833617542;-1,37777087391212E-05
2623826625,4;1,07749242298383;0,87695475890395;-1,83441353599091E-05
2623831737,6;-1,53745993125289;0,77568828486243;-2,09460107533722E-05
2623836849,8;-4,2767253920873;0,666142092815307;-2,15833349199956E-05
2623841962;-6,95603050753845;0,558359361565109;-2,02561078596606E-05
2623847074,2;-9,39110182640324;0,462383269883157;-1,69643295725183E-05
2623852186,4;-11,3976658973875;0,388256996545178;-1,17080000579866E-05
2623857298,6;-12,7914492686469;0,346023720347092;-4,4871193170462E-06
2623862410,8;-13,2850789506912;0,344882319579962;3,87260749800397E-06
2623867523;-12,2379490097134;0,382563784735021;1,05820377583866E-05
2623872635,2;-9,87284956922197;0,450141520766464;1,55686565091926E-05
2623877747,4;-6,55315123949709;0,538808170684342;1,88324637506462E-05
2623882859,6;-2,64222463180915;0,639756377472501;2,03734594821385E-05
2623887971,8;1,49655964387509;0,744178784149065;2,0191643703957E-05
2623893084;5,4998309761324;0,843268033694941;1,82870164161355E-05
2623898196,2;9,00421875472095;0,928216769120915;1,46595776187375E-05
2623903308,4;11,6463523692128;0,990217633432498;9,3093273111835E-06
2623908420,6;13,0628612084638;1,02046326961851;2,23626549447171E-06
2623913532,8;12,9625343657998;1,0131776235814;-3,67692110394132E-06
2623918645;11,7834824750163;0,988855027345316;-5,75051356777051E-06
2623923757,2;9,84897064574204;0,955282594551768;-7,29565141879949E-06
2623928869,4;7,37845365383942;0,915161890868248;-8,31233465709847E-06
2623933981,6;4,59138627589732;0,871194481973908;-8,80056328247777E-06
2623939093,8;1,70722328755111;0,826081933532547;-8,76033729502848E-06
2623944206;-1,05458053453315;0,782525811224249;-8,1916566947581E-06
2623949318,2;-3,47457041451239;0,743227680716273;-7,09452148168752E-06
2623954430,4;-5,33329157641604;0,710889107677467;-5,46893165564047E-06
2623959542,6;-6,41128924376934;0,688211657785531;-3,31488721692021E-06
2623964654,8;-6,54126999718701;0,677287986781823;-1,31306242084069E-06
2623969767;-6,18754161515262;0,672750340906037;-4,9485925810285E-07
2623974879,2;-5,57109733716936;0,671894016873106;1,2714799463296E-07
2623979991,4;-4,76548430796594;0,673716021952219;5,52959337397309E-07
2623985103,6;-3,84424967250873;0,677213363411883;7,82574770110765E-07
2623990215,8;-2,88094057545112;0,681383048521472;8,15994292816161E-07
2623995328;-1,94910416178888;0,685222084549056;6,53217905507263E-07
2624000440,2;-1,12228757624337;0,687727478763933;2,94245608196338E-07
2624005552,4;-0,474037963575098;0,687896238434904;-2,60922599177547E-07
2624010664,6;-0,0779024687210912;0,684725370830784;-1,01228671651083E-06
2624015776,8;-0,00744527133341391;0,676768954173723;-2,52133276640921E-06
2624020889;-0,293618960064895;0,657262903210547;-5,01157351532053E-06
2624026001,2;-0,870713693163922;0,626533378794253;-6,9121912827179E-06
2624031113,4;-1,66062052787435;0,587594651526903;-8,22318606869611E-06
2624036225,6;-2,58523052120541;0,543460992021978;-8,9445578730106E-06
2624041337,8;-3,5664347304765;0,497146670877838;-9,07630669579594E-06
2624046450;-4,52612421266117;0,45166595870934;-8,61843253702755E-06
2624051562,2;-5,38619002501219;0,410033126118203;-7,57093539674522E-06
2624056674,4;-6,06852322474517;0,375262443707578;-5,93381527476875E-06
2624061786,6;-6,49501486888943;0,350368182090172;-3,70707217140354E-06
2624066898,8;-6,56196334870885;0,339440546909517;7,58948412748059E-07
2624072011;-5,71779738292527;0,365470179826204;9,08075968240305E-06
2624077123,2;-3,95452955885346;0,428772445980374;1,53407852887988E-05
2624082235,4;-1,52300034358268;0,518807084714023;1,95390252322306E-05
2624087347,6;1,32594979507453;0,625033835342214;2,16754795119155E-05
2624092459,8;4,34148039025952;0,736912437215314;2,17501481282519E-05
2624097572;7,2727509740508;0,843902629644311;1,97630310812259E-05
2624102684,2;9,86892107938633;0,935464151972221;1,57141283709406E-05
2624107796,4;11,8791502390791;1,0010567435363;9,60343999672993E-06
2624112908,6;13,0525979853951;1,03014014365618;1,43096595973379E-06
2624118020,8;13,1445460017057;1,0132854276634;-6,60375111451044E-06
2624123133;12,2163720976571;0,979522255648281;-6,60509689732027E-06
2624128245,2;10,5197016200332;0,945752417402309;-6,60635908401604E-06
2624133357,4;8,25512834979281;0,911976340282388;-6,60753767459788E-06
2624138469,6;5,62324606856451;0,878194451654873;-6,60863266906556E-06
2624143581,8;2,82464855708823;0,844407178873515;-6,60964406741928E-06
2624148694;0,0599295970920597;0,810614949304672;-6,61057186965885E-06
2624153806,2;-2,47031703048997;0,776818190305248;-6,61141607578438E-06
2624158918,4;-4,56549754463635;0,743017329232143;-6,61217668579593E-06
2624164030,6;-6,02501816375022;0,709212793451717;-6,61285369969336E-06
2624169142,8;-6,65784992635249;0,675404958009019;-6,61359665650682E-06
2624174255;-6,94124201614458;0,64159112214744;-6,61501619593766E-06
2624179367,2;-7,21760087208047;0,607771100620625;-6,61601661865103E-06
2624184479,4;-7,46493263761587;0,573947036033901;-6,61659792464697E-06
2624189591,6;-7,66124345613759;0,540121071002062;-6,61676011392536E-06
2624194703,8;-7,78453947111249;0,50629534812728;-6,61650318648623E-06
2624199816;-7,81282682595051;0,472472010024348;-6,61582714232964E-06
2624204928,2;-7,72411166410156;0,438653199298596;-6,61473198145557E-06
2624210040,4;-7,49640012897193;0,404841058555352;-6,61321770386387E-06
2624215152,6;-7,10769836403702;0,371037730409406;-6,61128430955483E-06
2624220264,8;-6,53668851659272;0,33728241127135;-6,43142037274369E-06
2624225377;-5,88259710874274;0,309725583890896;-4,39294034342644E-06
2624230489,2;-5,22814208534435;0,29192194784523;-2,61576709816448E-06
2624235601,4;-4,57334645183879;0,282535650592431;-1,09990063682861E-06
2624240713,6;-3,9182332138505;0,280230839592746;1,54659040298382E-07
2624245825,8;-3,2628253767596;0,28367166230408;1,14791193345054E-06
2624250938;-2,60714594619065;0,291522266184288;1,87985804244258E-06
2624256050,2;-1,95121792758484;0,302446798692047;2,35049736737932E-06
2624261162,4;-1,29506432638327;0,315109407287179;2,5598299082681E-06
2624266274,6;-0,638708148210648;0,328174239425822;2,50785566506988E-06
2624271386,8;0,0178284143812625;0,340312058274161;2,28985322718007E-06
2624276499;0,675600332567941;0,359280238113406;5,02144749814684E-06
2624281611,2;1,33523101552167;0,390534289848562;7,0963443254821E-06
2624286723,4;1,99622590863311;0,430717044812482;8,51454370928752E-06
2624291835,6;2,65809045710788;0,476471334326201;9,27604564929852E-06
2624296947,8;3,32033010639829;0,524439989726369;9,38085014565717E-06
2624302060;3,98245030170974;0,571265842332567;8,82895719834391E-06
2624307172,2;4,64395648843294;0,613591723478012;7,62036680739915E-06
2624312284,4;5,30435411195838;0,64806046449424;5,75507897261828E-06
2624317396,6;5,96314861749178;0,671314896703353;3,23309369434925E-06
2624322508,8;6,6198454504849;0,679997851437802;5,44109721216109E-08
2624327621;6,78439784705411;0,670855920292356;-3,50674837104517E-06
2624332733,2;6,07084288591435;0,645481861333029;-6,28918671092183E-06
2624337845,4;4,68426063397425;0,607891436872637;-8,28604710660027E-06
2624342957,6;2,82986061310603;0,562100678485449;-9,49732955770798E-06
2624348069,8;0,712852344602823;0,51212561773068;-9,92303406447093E-06
2624353182;-1,46155464952689;0,461982286184911;-9,56316062680969E-06
2624358294,2;-3,48815084787393;0,415686715410557;-8,41770924480063E-06
2624363406,4;-5,16172672897395;0,377254936971471;-6,48667991822697E-06
2624368518,6;-6,27707277090119;0,35070298244208;-3,77007264744896E-06
2624373630,8;-6,62897945222464;0,340046883385186;-2,67887431959809E-07
2624378743;-6,33354810431692;0,340000003576279;0
2624383855,2;-5,77297763959747;0,340000003576279;0
2624388967,4;-5,01715545224469;0,340000003576279;0
2624394079,6;-4,13445460588891;0,340000003576279;0
2624399191,8;-3,19324816386329;0,340000003576279;0
2624404304;-2,26190918983274;0,340000003576279;0
2624409416,2;-1,40881074719513;0,340000003576279;0
2624414528,4;-0,702325899377532;0,340000003576279;0
2624419640,6;-0,21082771000107;0,340000003576279;0
2624424752,8;-0,00268924247187829;0,340000003576279;0
2624429865;0;0,340000003576279;0
2624434977,2;0;0,340000003576279;0
2624440089,4;0;0,340000003576279;0
2624445201,6;0;0,340000003576279;0
2624450313,8;0;0,340000003576279;0
2624455426;0;0,340000003576279;0
2624460538,2;0;0,340000003576279;0
2624465650,4;0;0,340000003576279;0
2624470762,6;0;0,340000003576279;0
2624475874,8;0;0,340000003576279;0
2624480987;0;0,340000003576279;0
2624486099,2;0;0,340000003576279;0
2624491211,4;0;0,340000003576279;0
2624496323,6;0;0,340000003576279;0
2624501435,8;0;0,340000003576279;0
2624506548;0;0,340000003576279;0
2624511660,2;0;0,340000003576279;0
2624516772,4;0;0,340000003576279;0
2624521884,6;0;0,340000003576279;0
2624526996,8;0;0,340000003576279;0
2624532109;0;0,340000003576279;0
2624537221,2;0;0,340000003576279;0
2624542333,4;0;0,340000003576279;0
2624547445,6;0;0,340000003576279;0
2624552557,8;0;0,340000003576279;0
2624557670;0;0,340000003576279;0
2624562782,2;0;0,340000003576279;0
2624567894,4;0;0,340000003576279;0
2624573006,6;0;0,340000003576279;0
2624578118,8;0;0,340000003576279;0
2624583231;0;0,340000003576279;0
2624588343,2;0;0,340000003576279;0
2624593455,4;0;0,340000003576279;0
2624598567,6;0;0,340000003576279;0
2624603679,8;0;0,340000003576279;0
2624608792;0;0,340000003576279;0
2624613904,2;0;0,340000003576279;0
2624619016,4;0;0,340000003576279;0
2624624128,6;0;0,340000003576279;0
2624629240,8;0;0,340000003576279;0
2624634353;0,0742498005003571;0,343914227493804;2,22007345966689E-06
2624639465,2;0,428265794093657;0,362551825779188;4,96215621480024E-06
2624644577,4;1,01790167813484;0,393532893437224;7,04909789930959E-06
2624649689,6;1,78064207576436;0,433508218279913;8,48089851280561E-06
2624654801,8;2,65397161036718;0,47912858813208;9,25755805555542E-06
2624659914;3,57537490503082;0,527044790802994;9,37907652741412E-06
2624665026,2;4,48233658308786;0,573907614114742;8,84545392848471E-06
2624670138,4;5,3123412678655;0,616367845889017;7,65669025862576E-06
2624675250,6;6,00287358245934;0,65107627393568;5,81278551805903E-06
2624680362,8;6,49141815024087;0,67468368607857;3,31373970644053E-06
2624685475;6,61970136790343;0,682665756749098;-4,79997380008134E-07
2624690587,2;6,05856798447015;0,670598572759145;-4,10125057957561E-06
2624695699,4;4,92053741543984;0,64216115464516;-6,88437675558947E-06
2624700811,6;3,35789622701177;0,601638175383559;-8,82937590753052E-06
2624705923,8;1,52293098490033;0,553314307938428;-9,9362480357616E-06
2624711036;-0,43207174456518;0,501474225289891;-1,02049931400762E-05
2624716148,2;-2,35482539557046;0,450402600404518;-9,63561122061672E-06
2624721260,4;-4,09304340228917;0,404384106249163;-8,22810227721272E-06
2624726372,6;-5,49443919841008;0,367703415803521;-5,98246631012679E-06
2624731484,8;-6,4067262181887;0,344645202032395;-2,89870331894001E-06
2624736597;-6,65376836761996;0,339942380955459;1,23254376948757E-06
2624741709,2;-6,10977344022191;0,356170034573214;4,95903120762772E-06
2624746821,4;-4,92686631617231;0,389040024359161;7,74337517892825E-06
2624751933,6;-3,28050602324317;0,433735924474692;9,58557568286974E-06
2624757045,8;-1,34615158870053;0,485441309095071;1,04856327197958E-05
2624762158;0,700737959543412;0,539339752378177;1,04435462895387E-05
2624767270,2;2,68470359412067;0,590614828496479;9,45931639222612E-06
2624772382,4;4,43028628763977;0,63445011162147;7,53294302763454E-06
2624777494,6;5,76202701222375;0,666029175912496;4,66442619612332E-06
2624782606,8;6,50446674054787;0,680535595542374;8,53765897157332E-07
2624787719;6,44243013874832;0,671427143073381;-5,09214671717098E-06
2624792831,2;5,33967606820957;0,629172350756737;-1,1173699941294E-05
2624797943,4;3,39207446960513;0,559893412088378;-1,566456029494E-05
2624803055,6;0,846584296579399;0,471722267175771;-1,85647277772711E-05
2624808167,8;-2,04983549803066;0,372790856098023;-1,98742023888284E-05
2624813280;-5,05022596040364;0,271231118968133;-1,95929841293677E-05
2624818392,2;-7,90762813753527;0,17517499587116;-1,77210729990852E-05
2624823504,4;-10,3750830763679;0,0927544268942178;-1,42584689975838E-05
2624828616,6;-12,2056318231603;0,0321013521472241;-9,20517212550946E-06
2624833728,8;-13,1523154249419;0,00134771171441961;-2,56118238191944E-06
2624838841;-12,9890536488753;0,00567588604427026;3,10578170722014E-06
2624843953,2;-11,7870835416323;0,0285591533101106;5,73217490755141E-06
2624849065,4;-9,78852929608634;0,0631136697158481;7,6718194745434E-06
2624854177,6;-7,23087574633943;0,105828638890776;8,92471540783426E-06
2624859289,8;-4,35160772567324;0,153193264478167;9,49086270765772E-06
2624864402;-1,38821006835416;0,201696750104925;9,37026137390816E-06
2624869514,2;1,42183239216427;0,247828299411317;8,56291140667043E-06
2624874626,4;3,8410348223713;0,288077116036728;7,06881280577314E-06
2624879738,6;5,63191238808636;0,318932403609388;4,88796557149499E-06
2624884850,8;6,55698025588475;0,336883365770357;2,02036970342918E-06
2624889963;6,46246023921703;0,340000003576279;0
2624895075,2;5,95455115077402;0,340000003576279;0
2624900187,4;5,25297733269615;0,340000003576279;0
2624905299,6;4,41901725236237;0,340000003576279;0
2624910411,8;3,51394937687279;0,340000003576279;0
2624915524;2,59905217364433;0,340000003576279;0
2624920636,2;1,73560410983822;0,340000003576279;0
2624925748,4;0,98488365263492;0,340000003576279;0
2624930860,6;0,408169269422539;0,340000003576279;0
2624935972,8;0,0667394273491819;0,340000003576279;0
2624941085;0;0,340000003576279;0
2624946197,2;0;0,340000003576279;0
2624951309,4;0;0,340000003576279;0
2624956421,6;0;0,340000003576279;0
2624961533,8;0;0,340000003576279;0
2624966646;0;0,340000003576279;0
2624971758,2;0;0,340000003576279;0
2624976870,4;0;0,340000003576279;0
2624981982,6;0;0,340000003576279;0
2624987094,8;0;0,340000003576279;0
2624992207;0;0,340000003576279;0
2624997319,2;0;0,340000003576279;0
2625002431,4;0;0,340000003576279;0
2625007543,6;0;0,340000003576279;0
2625012655,8;0;0,340000003576279;0
2625017768;0;0,340000003576279;0
2625022880,2;0;0,340000003576279;0
2625027992,4;0;0,340000003576279;0
2625033104,6;0;0,340000003576279;0
2625038216,8;0;0,340000003576279;0
2625043329;0,0116027231097728;0,340670671621157;1,00042747896734E-06
2625048441,2;0,255320946896953;0,354690687456551;4,35347573057767E-06
2625053553,4;0,766008688231066;0,383842733514568;6,92039548507282E-06
2625058665,6;1,47855517917691;0,42410796368562;8,70118674197396E-06
2625063777,8;2,32784965201936;0,471467531872565;9,69584950161328E-06
2625068890;3,24878133876006;0,521902591962418;9,90438376380522E-06
2625074002,2;4,17623947163798;0,57139429785549;9,32678952867923E-06
2625079114,4;5,04511328289453;0,615923803451739;7,96306679607144E-06
2625084226,6;5,79029200452768;0,651472262638707;5,81321556623626E-06
2625089338,8;6,34666486882841;0,674020829318373;2,87723583877264E-06
2625094451;6,62579202043081;0,679271311526914;-1,35216351898152E-06
2625099563,2;5,94046684028261;0,657179436018171;-7,09440900146336E-06
2625104675,4;4,20756903999862;0,608741602089657;-1,16592557360864E-05
2625109787,6;1,71265372763277;0,539976907631352;-1,50467037219992E-05
2625114899,8;-1,25872398951419;0,456904450512118;-1,72567529598336E-05
2625120012;-4,42100900315731;0,365543328628396;-1,82894034491773E-05
2625125124,2;-7,4886462058475;0,271912639853485;-1,81446551902914E-05
2625130236,4;-10,1760804901004;0,182031482059839;-1,68225081829976E-05
2625135348,6;-12,1977567476839;0,101918953145168;-1,43229624275426E-05
2625140460,8;-13,2681198712091;0,0375941509762182;-1,06460179234601E-05
2625145573;-13,1169689761928;-0,00515019974952532;-6,36771829186077E-06
2625150685,2;-12,3332784827008;-0,03361892041506;-4,78618658374724E-06
2625155797,4;-11,3609833492312;-0,0542531881999125;-3,30271579473964E-06
2625160909,6;-10,2255173577385;-0,0675543101315912;-1,91730592511471E-06
2625166021,8;-8,95231428978693;-0,0740235932439973;-6,2995697461401E-07
2625171134;-7,56680792738713;-0,0741623445672815;5,59331056522315E-07
2625176246,2;-6,09443205219739;-0,0684718711336768;1,65055816841891E-06
2625181358,4;-4,56062044584363;-0,057453479973241;2,64372436116385E-06
2625186470,6;-2,990806890385;-0,0416084781193875;3,53882963457184E-06
2625191582,8;-1,41042516730484;-0,02143817260058;4,33587398880988E-06
2625196695;0,156733031742776;0,00279080061420357;5,95004249643921E-06
2625201807,2;1,87185124254562;0,0562521828841016;1,46192777836646E-05
2625206919,4;3,81129765770666;0,148727573574498;2,12131419108452E-05
2625212031,6;5,91341294430744;0,269607260220681;2,57316348767509E-05
2625217143,8;8,1165377701758;0,408281530396423;2,81747566822245E-05
2625222256;10,3590128023441;0,554140671628395;2,85425073268105E-05
2625227368,2;12,5791787084622;0,696574971482231;2,68348868108333E-05
2625232480,4;14,7153761561717;0,824974717522289;2,30518951338434E-05
2625237592,6;16,7059458125174;0,928730197277157;1,71935322965465E-05
2625242704,8;18,4892283453064;0,99723169831741;9,25979829784969E-06
2625247817;19,9973581091702;1,01985974188212;-8,01836235194188E-07
2625252929,2;19,7895747933388;0,987946123435531;-1,12916597012781E-05
2625258041,4;17,1967112704863;0,9084150303655;-1,94307923079679E-05
2625263153,6;12,7984553864361;0,793283664502061;-2,52192340537453E-05
2625268265,8;7,17449498577967;0,654569227640431;-2,86569849396901E-05
2625273378;0,904517914905757;0,504288921621689;-2,97440449651609E-05
2625278490,2;-5,43178798136737;0,354459948248075;-2,84804141305882E-05
2625283602,4;-11,2547348582462;0,217099509321999;-2,48660924355251E-05
2625288714,6;-15,9846348693047;0,104224806684286;-1,89010798806459E-05
2625293826,8;-19,0418001700135;0,0278530421305748;-1,05853764648378E-05
2625298939;-19,8465862445152;0;0
2625304051,2;-18,8888662391991;0;0
2625309163,4;-17,1564120938798;0;0
2625314275,6;-14,8541810263323;0;0
2625319387,8;-12,1871302536046;0;0
2625324500;-9,36021699364607;0;0
2625329612,2;-6,57839846365765;0;0
2625334724,4;-4,0466318808572;0;0
2625339836,6;-1,96987446316888;0;0
2625344948,8;-0,55308342768264;0;0
2625350061;-0,00121599211463774;0;0
2625355173,2;0;0;0
2625360285,4;0;0;0
2625365397,6;0;0;0
2625370509,8;0;0;0
2625375622;0;0;0
2625380734,2;0;0;0
2625385846,4;0;0;0
2625390958,6;0;0;0
2625396070,8;0;0;0
2625401183;0;0;0
2625406295,2;0;0;0
2625411407,4;0;0;0
2625416519,6;0;0;0
2625421631,8;0;0;0
2625426744;0;0;0
2625431856,2;0;0;0
2625436968,4;0;0;0
2625442080,6;0;0;0
2625447192,8;0;0;0
2625452305;0;0;0
2625457417,2;0;0;0
2625462529,4;0;0;0
2625467641,6;0;0;0
2625472753,8;0;0;0
2625477866;0;0;0
2625482978,2;0;0;0
2625488090,4;0;0;0
2625493202,6;0;0;0
2625498314,8;0;0;0
2625503427;0;0;0
2625508539,2;0;0;0
2625513651,4;0;0;0
2625518763,6;0;0;0
2625523875,8;0;0;0
2625528988;0;0;0
2625534100,2;0;0;0
2625539212,4;0;0;0
2625544324,6;0;0;0
2625549436,8;0;0;0
2625554549;0;0;0
2625559661,2;0;0;0
2625564773,4;0;0;0
2625569885,6;0;0;0
2625574997,8;0;0;0
2625580110;0;0;0
2625585222,2;0;0;0
2625590334,4;0;0;0
2625595446,6;0;0;0
2625600558,8;0;0;0
2625605671;0;0;0
2625610783,2;0,0706327037228673;0,0030760311726238;1,50405217811203E-06
2625615895,4;0,346556842876772;0,0152674520883621;3,23250908262937E-06
2625621007,6;0,802272673079317;0,0357893103307194;4,76309420623402E-06
2625626119,8;1,40702131039504;0,0636300457858468;6,09580754921152E-06
2625631232;2,13004387069447;0,0977780983309992;7,23064911131324E-06
2625636344,2;2,94058147001329;0,137221907850975;8,16761889267271E-06
2625641456,4;3,80787522441982;0,180949914232549;8,90671689334967E-06
2625646568,6;4,70116624973563;0,227950557350012;9,44794311320622E-06
2625651680,8;5,58969566210687;0,277212277094455;9,79129755234332E-06
2625656793;6,44270457735114;0,327723513339137;9,93678021069693E-06
2625661905,2;7,43582265847404;0,392320451384024;1,68583809803958E-05
2625667017,4;8,97699202375863;0,49823871636518;2,42519708390901E-05
2625672129,6;10,9572580235023;0,636937923272988;2,96829738906535E-05
2625677241,8;13,2457519574867;0,798384935860248;3,31513901360994E-05
2625682354;15,7116051247134;0,972546617825015;3,46572195747806E-05
2625687466,2;18,2239488248222;1,1493898329104;3,42004622071122E-05
2625692578,4;20,6519143574702;1,31888144486051;3,17811180327771E-05
2625697690,6;22,864633021633;1,47098831737189;2,73991870522264E-05
2625702802,8;24,7312361171357;1,59567731419986;2,10546692646429E-05
2625707915;26,1208549430584;1,68291529904933;1,274756467121E-05
2625713027,2;26,5618331248852;1,72579349167916;4,49502306788712E-06
2625718139,4;25,2059819145778;1,73167007271012;-1,95093110818419E-06
2625723251,6;22,3743870495879;1,70835188136924;-6,92658499615084E-06
2625728363,8;18,4549497895161;1,66335538678285;-1,0431938596941E-05
2625733476;13,8355713951741;1,60419705808907;-1,24669919099008E-05
2625738588,2;8,90415312629156;1,53839336441373;-1,30317449354258E-05
2625743700,4;4,04859624248155;1,47346077488021;-1,21261976733628E-05
2625748812,6;-0,343197995269524;1,41691575863033;-9,75035012388095E-06
2625753924,8;-3,88332832765211;1,37627478478422;-5,90420228653688E-06
2625759037;-6,1838934939252;1,35905432247918;-5,87754162048137E-07
2625764149,2;-6,9002993430578;1,37410255674774;6,77721746899075E-06
2625769261,4;-6,12369807326177;1,42593836975628;1,31915285432468E-05
2625774373,6;-4,18953111210058;1,50580321588918;1,77427638601274E-05
2625779485,8;-1,43533457736347;1,60417267927641;2,04309234204818E-05
2625784598;1,80135541232765;1,71152234401589;2,12560072238084E-05
2625789710,2;5,18300273911482;1,81832779423307;2,02180152704448E-05
2625794822,4;8,37207128519414;1,91506461405324;1,73169475600336E-05
2625799934,6;11,0310249318626;1,99220838757459;1,25528040931159E-05
2625805046,8;12,8223275614662;2,04023469892659;5,92558486880305E-06
2625810159;13,4084430555626;2,04961913221657;-2,56471011166873E-06
2625815271,2;12,3212355106033;2,00733312108345;-1,49756526057403E-05
2625820383,4;9,03576621070244;1,89908141170751;-2,68853343069197E-05
2625825495,6;4,01636418620873;1,73745007188752;-3,58588850521907E-05
2625830607,8;-2,18294610078433;1,53744919026221;-4,18963048432273E-05
2625835720;-9,00814018615932;1,31408885553593;-4,49975936789033E-05
2625840832,2;-15,9051936075302;1,08237915635742;-4,51627515599187E-05
2625845944,4;-22,3200819025376;0,857330181372326;-4,23917784858781E-05
2625851056,6;-27,6987806070241;0,653952019289659;-3,66846744572985E-05
2625856168,8;-31,487265258963;0,487254758740365;-2,80414394731152E-05
2625861281;-33,1315113946867;0,372248488422563;-1,64620735349406E-05
2625866393,2;-32,3620498557093;0,313480995907308;-9,88767909075451E-06
2625871505,4;-30,4739166715034;0,263361559053281;-9,68744009583871E-06
2625876617,6;-27,8792145857965;0,214766632183804;-9,29125877076864E-06
2625881729,8;-24,7833644615748;0,168697911670239;-8,69913511547039E-06
2625886842;-21,3917871628604;0,126157093901485;-7,91106913005443E-06
2625891954,2;-17,9099035528134;0,0881458752533371;-6,92706081447465E-06
2625897066,4;-14,5431344945603;0,0556659521032811;-5,74711016861187E-06
2625902178,6;-11,4969008521737;0,0297190208376798;-4,3712171926862E-06
2625907290,8;-8,97662348855567;0,0113067778321215;-2,79938188644098E-06
2625912403;-7,18772326762093;0,0014309194703449;-1,03160425016941E-06
2625917515,2;-6,21383015997198;0;0
2625922627,4;-5,34432176510449;0;0
2625927739,6;-4,45220717056794;0;0
2625932851,8;-3,56681122168299;0;0
2625937964;-2,71745876409824;0;0
2625943076,2;-1,93347464321149;0;0
2625948188,4;-1,24418370444492;0;0
2625953300,6;-0,678910793410554;0;0
2625958412,8;-0,266980755490014;0;0
2625963525;-0,0377184362435763;0;0
2625968637,2;0;0;0
2625973749,4;0;0;0
2625978861,6;0;0;0
2625983973,8;0;0;0
2625989086;0;0;0
2625994198,2;0;0;0
2625999310,4;0;0;0
2626004422,6;0;0;0
2626009534,8;0;0;0
2626014647;0;0;0
2626019759,2;0;0;0
2626024871,4;0;0;0
2626029983,6;0;0;0
2626035095,8;0;0;0
2626040208;0;0;0
2626045320,2;0;0;0
2626050432,4;0;0;0
2626055544,6;0;0;0
2626060656,8;0;0;0
2626065769;0;0;0
2626070881,2;0;0;0
2626075993,4;0;0;0
2626081105,6;0;0;0
2626086217,8;0;0;0
2626091330;0;0;0
2626096442,2;0;0;0
2626101554,4;0;0;0
2626106666,6;0;0;0
2626111778,8;0;0;0
2626116891;0;0;0
2626122003,2;0;0;0
2626127115,4;0;0;0
2626132227,6;0;0;0
2626137339,8;0;0;0
2626142452;0;0;0
2626147564,2;0;0;0
2626152676,4;0;0;0
2626157788,6;0;0;0
2626162900,8;0;0;0
2626168013;0;0;0
2626173125,2;0,0150342615327034;0,00083895643374244;1,11863477382216E-06
2626178237,4;0,277485821587075;0,0154326620941377;4,45897077611101E-06
2626183349,6;0,813736466885912;0,0450821047825685;7,0087552816354E-06
2626188461,8;1,55471127410343;0,0857458271439222;8,767988290871E-06
2626193574;2,43133531968418;0,133382371810472;9,73666980348963E-06
2626198686,2;3,37453368027694;0,183950281425732;9,91479981969224E-06
2626203798,4;4,31523143255532;0,233408098634311;9,30237833938484E-06
2626208910,6;5,18435365292661;0,277714366066841;7,89940536268168E-06
2626214022,8;5,91282541812713;0,312827626370945;5,70588088932103E-06
2626219135;6,43157180460376;0,33470642217993;2,7218049197121E-06
2626224247,2;6,65361461866097;0,339335638482914;-9,95412009239707E-07
2626229359,4;6,20488016731943;0,32534545119439;-4,34697452959696E-06
2626234471,6;5,09228167440022;0,296228484326671;-6,91332585499182E-06
2626239583,8;3,49198712418326;0,255998894544087;-8,69446598590302E-06
2626244696;1,58016450143261;0,208670838523408;-9,6903949219983E-06
2626249808,2;-0,467018209529115;0,158258472930288;-9,90111266348042E-06
2626254920,4;-2,47339302442984;0,108775954429232;-9,32661921025916E-06
2626260032,6;-4,26279195842971;0,0642374396987347;-7,96691456244171E-06
2626265144,8;-5,6590470273751;0,02865708540025;-5,8219987197744E-06
2626270257;-6,48599024653998;0,00604904820967922;-2,89187168265737E-06
2626275369,2;-6,57946005651865;0;0
2626280481,4;-6,20312508938887;0;0
2626285593,6;-5,5815099656672;0;0
2626290705,8;-4,78316576481509;0;0
2626295818;-3,87664356655037;0;0
2626300930,2;-2,93049445036931;0;0
2626306042,4;-2,01326949575342;0;0
2626311154,6;-1,19351978244268;0;0
2626316266,8;-0,539796389861593;0;0
2626321379;-0,120650397701009;0;0
2626326491,2;0;0;0
2626331603,4;0;0;0
2626336715,6;0;0;0
2626341827,8;0;0;0
2626346940;0;0;0
2626352052,2;0;0;0
2626357164,4;0;0;0
2626362276,6;0;0;0
2626367388,8;0;0;0
2626372501;0;0;0
2626377613,2;0;0;0
2626382725,4;0;0;0
2626387837,6;0;0;0
2626392949,8;0;0;0
2626398062;0;0;0
2626403174,2;0;0;0
2626408286,4;0;0;0
2626413398,6;0;0;0
2626418510,8;0;0;0
2626423623;0;0;0
2626428735,2;0,00529533941976289;0,00019831104298439;8,18702614060611E-07
2626433847,4;0,662466631099706;0,0251381254087715;8,70083778881608E-06
2626438959,6;2,25164187397244;0,0867314883661773;1,5158340576357E-05
2626444071,8;4,53439254353995;0,177695394239672;2,01912109778879E-05
2626449184;7,27229011461159;0,290746837326171;2,379944899247E-05
2626454296,2;10,2269060626254;0,418602811947354;2,59830546206391E-05
2626459408,4;13,1598118631001;0,553980312430424;2,67420278623997E-05
2626464520,6;15,8325789907239;0,689596333064012;2,60763687176101E-05
2626469632,8;18,0067789212009;0,818167868186397;2,39860771861461E-05
2626474745;19,4439831293606;0,932411912087479;2,04711532683977E-05
2626479857,2;19,9078015471914;1,02511759435479;1,59812834961996E-05
2626484969,4;19,784323156536;1,1101956764654;1,71987300116323E-05
2626490081,6;19,5032455118414;1,1998976911731;1,77902630373953E-05
2626495193,8;19,0775398196433;1,29102384355294;1,77558825735991E-05
2626500306;18,5201772866077;1,38037433864664;1,709558862025E-05
2626505418,2;17,8441291192869;1,46474938152162;1,58093811773741E-05
2626510530,4;17,062366524189;1,5409491772435;1,38972602447637E-05
2626515642,6;16,1878607080463;1,60577393085674;1,13592258227757E-05
2626520754,8;15,2335828772839;1,65602384743178;8,19527791093651E-06
2626525867;14,2125042386663;1,68849913201793;4,40541650983638E-06
2626530979,2;13,1375952778751;1,70000004768372;0
2626536091,4;11,8837774758119;1,70000004768372;0
2626541203,6;10,3782011034131;1,70000004768372;0
2626546315,8;8,71020988845453;1,70000004768372;0
2626551428;6,96914755929263;1,70000004768372;0
2626556540,2;5,24435784381651;1,70000004768372;0
2626561652,4;3,6251844699213;1,70000004768372;0
2626566764,6;2,20097116595448;1,70000004768372;0
2626571876,8;1,06106165970687;1,70000004768372;0
2626576989;0,294799679436519;1,70000004768372;0
2626582101,2;-0,00847104693907141;1,70000004768372;0
2626587213,4;-0,0155126011582932;1,70000004768372;0
2626592325,6;-0,0170121947026509;1,70000004768372;0
2626597437,8;-0,0148546580142551;1,70000004768372;0
2626602550;-0,00990727982097596;1,70000004768372;0
2626607662,2;-0,00303734885016997;1,70000004768372;0
2626612774,4;0,00488784617152388;1,70000004768372;0
2626617886,6;0,0130010165151592;1,70000004768372;0
2626622998,8;0,0204348734546739;1,70000004768372;0
2626628111;0,026322128261213;1,70000004768372;0
2626633223,2;0,0297954922081147;1,70000004768372;0
2626638335,4;0,0311960651843937;1,70000004768372;0
2626643447,6;0,0319925978219269;1,70000004768372;0
2626648559,8;0,0321514990576742;1,70000004768372;0
2626653672;0,0316207944604936;1,70000004768372;0
2626658784,2;0,030348509599322;1,70000004768372;0
2626663896,4;0,0282826700428197;1,70000004768372;0
2626669008,6;0,0253713013602598;1,70000004768372;0
2626674120,8;0,0215624291199801;1,70000004768372;0
2626679233;0,0168040788915788;1,70000004768372;0
2626684345,2;0,0110442762436349;1,70000004768372;0
2626689457,4;-0,383848873217179;1,68517446644741;-6,77361466492101E-06
2626694569,6;-1,74392250791942;1,63255344873458;-1,35768067726375E-05
2626699681,8;-3,85073724722263;1,5487729851903;-1,89638442430628E-05
2626704794;-6,46984983260733;1,44107274156948;-2,29347270751918E-05
2626709906,2;-9,36681700613063;1,31669238360437;-2,54894552695931E-05
2626715018,4;-12,3071955099533;1,18287157702099;-2,66280288263068E-05
2626720130,6;-15,0565420854003;1,04684998758359;-2,63504477451206E-05
2626725242,8;-17,3804134748289;0,915867281006976;-2,46567120259827E-05
2626730355;-19,0443664196792;0,797163123054876;-2,1546821669209E-05
2626735467,2;-19,8139576620832;0,697977179453442;-1,70207766747076E-05
2626740579,4;-19,7975940313322;0,616538208612773;-1,56974654929648E-05
2626745691,6;-19,6266695184996;0,537042370181003;-1,53856297341738E-05
2626750803,8;-19,3249563684471;0,459406730856;-1,49697165339701E-05
2626755916;-18,8926706391347;0,384163355348036;-1,44497258924312E-05
2626761028,2;-18,3300283884443;0,311844308345521;-1,38256578095233E-05
2626766140,4;-17,6372456742089;0,242981654537957;-1,30975122851735E-05
2626771252,6;-16,8145385544616;0,178107458633979;-1,22652893195178E-05
2626776364,8;-15,8621230869527;0,117753785317339;-1,13289889124008E-05
2626781477;-14,7802153297637;0,0624526992950836;-1,02886110639972E-05
2626786589,2;-13,5690313407156;0,0127362652571125;-9,1441557742246E-06
2626791701,4;-12,2622811222206;-0,0291121702876839;-6,97902876717463E-06
2626796813,6;-10,9500039987175;-0,0587820516453685;-4,67190760004119E-06
2626801925,8;-9,63720018678552;-0,077323930710793;-2,6255205732917E-06
2626807038;-8,32392523727691;-0,0860707325539366;-8,39867687307926E-07
2626812150,2;-7,01023470067659;-0,086355382250362;6,85051058113169E-07
2626817262,4;-5,69618412746933;-0,0795108048724745;1,94923566307734E-06
2626822374,6;-4,38182906850762;-0,0668699254949892;2,95268612734876E-06
2626827486,8;-3,06722507415362;-0,0497656691891523;3,69540245111462E-06
2626832599;-1,75242769525992;-0,0295309610315929;4,17738463423636E-06
2626837711,2;-0,437492482311265;-0,00749872609423781;4,39863267679543E-06
2626842823,4;0,878531461641878;0,0217466676200878;8,23720969246403E-06
2626847935,6;2,19842416557136;0,0762542166609866;1,28677465591481E-05
2626853047,8;3,5214732030719;0,151066974069587;1,61810336279033E-05
2626858160;4,84669893167084;0,239450895413422;1,81770708981113E-05
2626863272,2;6,17312170926565;0,33467193628064;1,88558583701428E-05
2626868384,4;7,49976189375429;0,429996052261941;1,82173960438767E-05
2626873496,6;8,8256398426634;0,518689198921032;1,62616839194321E-05
2626878608,8;10,1497759140144;0,594017331855111;1,29887219964442E-05
2626883721;11,4711904653343;0,649246406631614;8,39851027552361E-06
2626888833,2;12,788903854521;0,677642378840308;2,49104875642638E-06
2626893945,4;13,6865547605424;0,672240126860756;-4,68300195837515E-06
2626899057,6;12,8331464898462;0,632025312331966;-1,07887510714633E-05
2626904169,8;10,4907025757045;0,564601486845273;-1,53277384524502E-05
2626909282;7,06877791137894;0,477978249742217;-1,82999641004892E-05
2626914394,2;2,97692738950706;0,380165200345992;-1,97054280160768E-05
2626919506,4;-1,37529409752362;0,279171937975619;-1,95441301991247E-05
2626924618,6;-5,57833165607644;0,1830080619789;-1,78160706496632E-05
2626929730,8;-9,2226303940598;0,0996831716678543;-1,45212493673698E-05
2626934843;-11,8986354179691;0,0372068663869881;-9,65966635285921E-06
2626939955,2;-13,1967918353839;0,0035887454561454;-3,23132160589712E-06
2626945067,4;-12,9443627819502;0;0
2626950179,6;-12,0308895113809;0;0
2626955291,8;-10,6981787405933;0;0
2626960404;-9,07162635119942;0;0
2626965516,2;-7,27662822444605;0;0
2626970628,4;-5,43858024151722;0;0
2626975740,6;-3,68287828411912;0;0
2626980852,8;-2,13491823330313;0;0
2626985965;-0,920095970721327;0;0
2626991077,2;-0,16380737757124;0;0
2626996189,4;0,0812200719829468;0;0
2627001301,6;0,154985356968978;0;0
2627006413,8;0,141768318643069;0;0
2627011526;0,0685755062880534;0;0
2627016638,2;-0,0375865308153944;0;0
2627021750,4;-0,149711243398902;0;0
2627026862,6;-0,240792082161184;0;0
2627031974,8;-0,283822497835503;0;0
2627037087;-0,251795941133463;0;0
2627042199,2;-0,11770586278347;0;0
2627047311,4;0,152659607197639;0,00185329145502731;1,47326059149117E-06
2627052423,6;0,607379340338601;0,0163351082186495;4,10011526645321E-06
2627057535,8;1,21692967684908;0,0428316670520829;6,17368000690683E-06
2627062648;1,94067224546319;0,0785144391462194;7,69395481246523E-06
2627067760,2;2,73796867508215;0,120554895699069;8,66093968334761E-06
2627072872,4;3,56818059463464;0,166124507911014;9,07463461956676E-06
2627077984,6;4,3906696328136;0,212394746969387;8,9350396210455E-06
2627083096,8;5,16479741861521;0,256537084078304;8,24215468775779E-06
2627088209;5,84992558074289;0,295722990425366;6,99597981983289E-06
2627093321,2;6,40541574812268;0,327123937210887;5,19651501723198E-06
2627098433,4;6,72238311096786;0,346166027104184;1,39307241217552E-06
2627103545,6;6,33405451690603;0,340341554933298;-3,47957450848444E-06
2627108657,8;5,29514651581179;0,312554122148369;-7,19929901780713E-06
2627113770;3,77053197800552;0,268697698707557;-9,76610111509865E-06
2627118882,2;1,9250837735319;0,214666254561719;-1,11799808007597E-05
2627123994,4;-0,0763252276841166;0,156353759657918;-1,14409380747609E-05
2627129106,6;-2,06882215514257;0,0996541839600064;-1,05489729370535E-05
2627134218,8;-3,88753413906806;0,0504614974111162;-8,50408538747116E-06
2627139331;-5,36758830899469;0,0146696699733992;-5,30627542639534E-06
2627144443,2;-6,344111794989;-0,00182732840565708;-9,5554305368907E-07
2627149555,4;-6,58576044006341;0,00868970685012413;6,25185008036886E-06
2627154667,6;-5,47023389105174;0,0636629818847886;1,49051416110191E-05
2627159779,8;-3,14438042526341;0,157510282445073;2,14601852465009E-05
2627164892;0,0644071160172652;0,279504945620731;2,59169809855914E-05
2627170004,2;3,82873589213088;0,418920308526965;2,82755288289998E-05
2627175116,4;7,82121306262533;0,565029708285476;2,85358287766527E-05
2627180228,6;11,7144457859054;0,707106481976269;2,66978808285014E-05
2627185340,8;15,1810412218062;0,834423966731774;2,27616849842031E-05
2627190453;17,8936065288305;0,936255499635501;1,67272412444921E-05
2627195565,2;19,5247488665019;1,00187441780828;8,59454960909905E-06
2627200677,4;19,7521053281851;1,02224101957184;3,037563897294E-07
2627205789,6;18,506449436327;1,0114761636831;-4,32367986537455E-06
2627210901,8;16,0851015094452;0,979992105126342;-7,80203081177638E-06
2627216014;12,8140660668074;0,933663197824197;-1,01312964488272E-05
2627221126,2;9,01934762702784;0,878363795690922;-1,13114767769051E-05
2627226238,4;5,02695070852571;0,81996825263742;-1,13425717959592E-05
2627231350,6;1,16287983086157;0,764350922591354;-1,0224581505984E-05
2627236462,8;-2,246860487829;0,717386159459847;-7,95750590677065E-06
2627241575;-4,87626572809407;0,684948317168432;-4,54134499874224E-06
2627246687,2;-6,39933137148742;0,672911749628544;2,39012182591441E-08
2627251799,4;-6,52716891490632;0,686261053635143;4,51034661403932E-06
2627256911,6;-5,7027512757746;0,713583797565226;6,10911506088174E-06
2627262023,8;-4,29007142723132;0,748009737889447;7,28926621466436E-06
2627267136;-2,47039126994542;0,787398819275252;8,05080007516702E-06
2627272248,2;-0,424972704201068;0,829610986399592;8,39371664251932E-06
2627277360,4;1,6649223698018;0,87250618394047;8,31801591669469E-06
2627282472,6;3,61803205126791;0,913944356563753;7,82369789770723E-06
2627287584,8;5,25309444013367;0,951785448950777;6,91076258546475E-06
2627292697;6,38884763568866;0,983889405768352;5,57920998013753E-06
2627297809,2;6,84402973771171;1,00811617169425;3,82904008165996E-06
2627302921,4;6,46538811005744;1,02262037429731;2,15406980225607E-06
2627308033,6;5,80726746009351;1,03297521363673;1,88605778545117E-06
2627313145,8;5,14885609777535;1,04179270666742;1,55262764051926E-06
2627318258;4,49023392280726;1,04873842283329;1,15377936752256E-06
2627323370,2;3,83148083470933;1,05347793158081;6,89512966433009E-07
2627328482,4;3,17267673300159;1,05567680235563;1,59828437198152E-07
2627333594,6;2,51390151738845;1,05500060460289;-4,35274220083199E-07
2627338706,8;1,8552350873285;1,05111490776798;-1,09579500552206E-06
2627343819;1,19675734252611;1,04368528129716;-1,82173391899521E-06
2627348931,2;0,538548182501334;1,03237729463582;-2,61309096056121E-06
2627354043,4;-0,120142053331876;1,01676614001337;-3,66224905158274E-06
2627359155,6;-0,808400835295243;0,993502214139022;-5,37336837896316E-06
2627364267,8;-1,5295719695141;0,96249860900233;-6,69017411699814E-06
2627369380;-2,26841477795598;0,925771134541146;-7,61266626544202E-06
2627374492,2;-3,00968858279008;0,885335600684818;-8,14084482443601E-06
2627379604,4;-3,73815270618652;0,843207817361312;-8,27470979397421E-06
2627384716,6;-4,43856647011145;0,801403594510553;-8,01426117403166E-06
2627389828,8;-5,09568919679571;0,761938742057061;-7,35949896455975E-06
2627394941;-5,69428020821875;0,726829069940265;-6,31042316568065E-06
2627400053,2;-6,21909882654737;0,698090388088253;-4,86703377735166E-06
2627405165,4;-6,6518513986737;0,677682576585233;-3,18762100379473E-06
2627410277,6;-6,79969753075462;0,663550977044147;-2,35186491635046E-06
2627415389,8;-6,59946313798042;0,653524647259166;-1,58155326106641E-06
2627420502;-6,11363714237813;0,647269022205705;-8,7668603808626E-07
2627425614,2;-5,40470846592915;0,644449536856215;-2,37263247335121E-07
2627430726,4;-4,53516603053167;0,644731626184427;3,36715111237497E-07
2627435838,6;-3,56749875833756;0,647780725163834;8,45249037524516E-07
2627440950,8;-2,56419557116376;0,653262268768508;1,28833853162081E-06
2627446063;-1,58774539118713;0,660841691970973;1,66598359344371E-06
2627451175,2;-0,700637140299581;0,670184429745202;1,9781842230376E-06
2627456287,4;0,0353986155267497;0,681007491050296;2,4633421422078E-06
2627461399,6;0,692977746107884;0,700748036746906;5,15053378824605E-06
2627466511,8;1,35223849696258;0,732553738990287;7,18348475955543E-06
2627471624;2,01270397145195;0,773079988596208;8,56219505575668E-06
2627476736,2;2,67389727312153;0,818982176389087;9,28666467706994E-06
2627481848,4;3,33534150551714;0,866915693195348;9,35689362347124E-06
2627486960,6;3,99655977199948;0,913535929827752;8,77288189494749E-06
2627492072,8;4,65707517617591;0,955498277116283;7,53462949138974E-06
2627497185;5,31641082140732;0,989458125874814;5,64213641302898E-06
2627502297,2;5,97408981123946;1,01207086692949;3,09540265978023E-06
2627507409,4;6,62915195940807;1,01999091118852;-1,18131628501011E-07
2627512521,6;6,74942399163116;1,01002348649195;-3,65040459035671E-06
2627517633,8;6,00250823511562;0,984006391564861;-6,3970996769431E-06
2627522746;4,59322188477726;0,945955657627352;-8,35821688774778E-06
2627527858,2;2,72638213534423;0,899887315892603;-9,53375622306359E-06
2627532970,4;0,606806181373943;0,849817397570807;-9,92371768289026E-06
2627538082,6;-1,56068878196171;0,79976193388654;-9,52810126715505E-06
2627543194,8;-3,57128556026511;0,753736956046203;-8,34690697578414E-06
2627548307;-5,22016695838474;0,715758495273615;-6,38013480899791E-06
2627553419,2;-6,30251578175806;0,68984258277916;-3,6277847667228E-06
2627558531,4;-6,61351483561119;0,680005249777717;-8,98568485921782E-08
2627563643,6;-6,30335817109904;0,680000007152557;0
2627568755,8;-5,73340687800291;0,680000007152557;0
2627573868;-4,97194664309255;0,680000007152557;0
2627578980,2;-4,08709341358353;0,680000007152557;0
2627584092,4;-3,14696313664538;0,680000007152557;0
2627589204,6;-2,21967175971647;0,680000007152557;0
2627594316,8;-1,37333522989527;0,680000007152557;0
2627599429;-0,676069494602652;0,680000007152557;0
2627604541,2;-0,195990501012525;0,680000007152557;0
2627609653,4;-0,00121419637983777;0,680000007152557;0
2627614765,6;0,00157313227793068;0,680000007152557;0
2627619877,8;0,00333452265748171;0,680000007152557;0
2627624990;0,00507671515239892;0,680000007152557;0
2627630102,2;0,00672099769103906;0,680000007152557;0
2627635214,4;0,00818865820172233;0,680000007152557;0
2627640326,6;0,00940098461236281;0,680000007152557;0
2627645438,8;0,0102792648513647;0,680000007152557;0
2627650551;0,0107447868467522;0,680000007152557;0
2627655663,2;0,0107188385268178;0,680000007152557;0
2627660775,4;0,0101227078196709;0,680000007152557;0
2627665887,6;0,00913557369389044;0,680000007152557;0
2627670999,8;0,00814149562220267;0,680000007152557;0
2627676112;0,00714628983804896;0,680000007152557;0
2627681224,2;0,00615031350170834;0,680000007152557;0
2627686336,4;0,00515392377345954;0,680000007152557;0
2627691448,6;0,00415747781386012;0,680000007152557;0
2627696560,8;0,00316133278309596;0,680000007152557;0
2627701673;0,00216584584172459;0,680000007152557;0
2627706785,2;0,00117137415002474;0,680000007152557;0
2627711897,4;0,000178274868275541;0,680000007152557;0
2627717009,6;-0,000625218414130343;0,680000007152557;0
2627722121,8;-0,000942578587310716;0,680000007152557;0
2627727234;-0,00088210648321207;0,680000007152557;0
2627732346,2;-0,000561754287921808;0,680000007152557;0
2627737458,4;-9,94741874303737E-05;0,680000007152557;0
2627742570,6;0,000386781632130309;0,680000007152557;0
2627747682,8;0,000779060984790601;0,680000007152557;0
2627752795;0,00095941168443164;0,680000007152557;0
2627757907,2;0,000809881545059717;0,680000007152557;0
2627763019,4;0,000212518380558046;0,680000007152557;0
2627768131,6;-0,0933462928392197;0,676154350060408;-1,91338412087959E-06
2627773243,8;-0,459915560887276;0,660748625106824;-4,04811515048898E-06
2627778356;-1,04964682071914;0,635434948176934;-5,78958300908617E-06
2627783468,2;-1,80399164659535;0,602223759251486;-7,13778769688862E-06
2627788580,4;-2,66440161283788;0,563125498308284;-8,09272921396705E-06
2627793692,6;-3,57232829352025;0,520150605336439;-8,65440756014332E-06
2627798804,8;-4,46922326303859;0,475309520310003;-8,82282273552222E-06
2627803917;-5,29653809545962;0,430612683219159;-8,59797474007232E-06
2627809029,2;-5,995724365107;0,388070534041441;-7,97986357382767E-06
2627814141,4;-6,5082336462566;0,34969351275519;-6,9684892366756E-06
2627819253,6;-6,83014562361912;0,313994200779217;-7,46204754035142E-06
2627824365,8;-7,07920510712133;0,273543227222754;-8,29782164430872E-06
2627829478;-7,262836930623;0,229822640883761;-8,74118872671224E-06
2627834590,2;-7,38104109415044;0,184838504933699;-8,79214878765823E-06
2627839702,4;-7,43381759770549;0,140596882543559;-8,45070182709654E-06
2627844814,6;-7,42116644127833;0,0991038368967707;-7,71684784509087E-06
2627849926,8;-7,34308762486658;0,0623654311610196;-6,59058684150431E-06
2627855039;-7,19958114848482;0,0323877285183353;-5,07191881654698E-06
2627860151,2;-6,99064701212881;0,0111767921400583;-3,16084377013211E-06
2627865263,4;-6,71628521576991;0,000738685200800226;-8,57361702026554E-07
2627870375,6;-6,33580134766709;0;0
2627875487,8;-5,74367835310913;0;0
2627880600;-4,98726715725159;0;0
2627885712,2;-4,12526655927921;0;0
2627890824,4;-3,21637535833729;0;0
2627895936,6;-2,31929235383041;0;0
2627901048,8;-1,49271634483356;0;0
2627906161;-0,795346130735934;0;0
2627911273,2;-0,285880510686705;0;0
2627916385,4;-0,0230182839051398;0;0
2627921497,6;0;0;0
2627926609,8;0;0;0
2627931722;0;0;0
2627936834,2;0;0;0
2627941946,4;0;0;0
2627947058,6;0;0;0
2627952170,8;0;0;0
2627957283;0;0;0
2627962395,2;0;0;0
2627967507,4;0;0;0
2627972619,6;0;0;0
2627977731,8;0;0;0
2627982844;0;0;0
2627987956,2;0;0;0
2627993068,4;0;0;0
2627998180,6;0;0;0
2628003292,8;0;0;0
2628008405;0;0;0
2628013517,2;0;0;0
2628018629,4;0;0;0
2628023741,6;0;0;0
2628028853,8;0;0;0
2628033966;0;0;0
2628039078,2;0;0;0
2628044190,4;0;0;0
2628049302,6;0;0;0
2628054414,8;0;0;0
2628059527;0;0;0
2628064639,2;0;0;0
2628069751,4;0;0;0
2628074863,6;0;0;0
2628079975,8;0;0;0
2628085088;0;0;0
2628090200,2;0;0;0
2628095312,4;0;0;0
2628100424,6;0;0;0
2628105536,8;0;0;0
2628110649;0;0;0
2628115761,2;0;0;0
2628120873,4;0;0;0
2628125985,6;0;0;0
2628131097,8;0;0;0
2628136210;0;0;0
2628141322,2;0;0;0
2628146434,4;0;0;0
2628151546,6;0;0;0
2628156658,8;0;0;0
2628161771;0;0;0
2628166883,2;0;0;0
2628171995,4;0;0;0
2628177107,6;0;0;0
2628182219,8;0;0;0
2628187332;0;0;0
2628192444,2;0;0;0
2628197556,4;0;0;0
2628202668,6;0;0;0
2628207780,8;0;0;0
2628212893;0;0;0
2628218005,2;0;0;0
2628223117,4;0;0;0
2628228229,6;0;0;0
2628233341,8;0;0;0
2628238454;0;0;0
2628243566,2;0;0;0
2628248678,4;0;0;0
2628253790,6;0;0;0
2628258902,8;0;0;0
2628264015;0;0;0
2628269127,2;0;0;0
2628274239,4;0;0;0
2628279351,6;0;0;0
2628284463,8;0;0;0
2628289576;0;0;0
2628294688,2;0;0;0
2628299800,4;0;0;0
2628304912,6;0;0;0
2628310024,8;0;0;0
2628315137;0;0;0
2628320249,2;0;0;0
2628325361,4;0;0;0
2628330473,6;0;0;0
2628335585,8;0;0;0
2628340698;0;0;0
2628345810,2;0;0;0
2628350922,4;0;0;0
2628356034,6;0;0;0
2628361146,8;0;0;0
2628366259;0;0;0
2628371371,2;0;0;0
2628376483,4;0;0;0
2628381595,6;0;0;0
2628386707,8;0;0;0
2628391820;0;0;0
2628396932,2;0;0;0
2628402044,4;0;0;0
2628407156,6;0;0;0
2628412268,8;0;0;0
2628417381;0;0;0
2628422493,2;0;0;0
2628427605,4;0;0;0
2628432717,6;0;0;0
2628437829,8;0;0;0
2628442942;0;0;0
2628448054,2;0;0;0
2628453166,4;0;0;0
2628458278,6;0;0;0
2628463390,8;0;0;0
2628468503;0;0;0
2628473615,2;0;0;0
2628478727,4;0;0;0
2628483839,6;0;0;0
2628488951,8;0;0;0
2628494064;0;0;0
2628499176,2;0;0;0
2628504288,4;0;0;0
2628509400,6;0;0;0
2628514512,8;0;0;0
2628519625;0;0;0
2628524737,2;0;0;0
2628529849,4;0;0;0
2628534961,6;0;0;0
2628540073,8;0;0;0
2628545186;0;0;0
2628550298,2;0;0;0
2628555410,4;0;0;0
2628560522,6;0;0;0
2628565634,8;0;0;0
2628570747;0;0;0
2628575859,2;0;0;0
2628580971,4;0;0;0
2628586083,6;0;0;0
2628591195,8;0;0;0
2628596308;0;0;0
2628601420,2;0;0;0
2628606532,4;0;0;0
2628611644,6;0;0;0
2628616756,8;0;0;0
2628621869;0;0;0
2628626981,2;0;0;0
2628632093,4;0;0;0
2628637205,6;0;0;0
2628642317,8;0;0;0
2628647430;0;0;0
2628652542,2;0;0;0
2628657654,4;0;0;0
2628662766,6;0;0;0
2628667878,8;0;0;0
2628672991;0;0;0
2628678103,2;0;0;0
2628683215,4;0;0;0
2628688327,6;0;0;0
2628693439,8;0;0;0
2628698552;0;0;0
2628703664,2;0;0;0
2628708776,4;0;0;0
2628713888,6;0;0;0
2628719000,8;0;0;0
2628724113;0;0;0
2628729225,2;0;0;0
2628734337,4;0;0;0
2628739449,6;0;0;0
2628744561,8;0;0;0
2628749674;0;0;0
2628754786,2;0;0;0
2628759898,4;0;0;0
2628765010,6;0;0;0
2628770122,8;0;0;0
2628775235;0;0;0
2628780347,2;0;0;0
2628785459,4;0;0;0
2628790571,6;0;0;0
2628795683,8;0;0;0
2628800796;0;0;0
2628805908,2;0;0;0
2628811020,4;0;0;0
2628816132,6;0;0;0
2628821244,8;0;0;0
2628826357;0;0;0
2628831469,2;0;0;0
2628836581,4;0;0;0
2628841693,6;0;0;0
2628846805,8;0;0;0
2628851918;0;0;0
2628857030,2;0;0;0
2628862142,4;0;0;0
2628867254,6;0;0;0
2628872366,8;0;0;0
2628877479;0;0;0
2628882591,2;0;0;0
2628887703,4;0;0;0
2628892815,6;0;0;0
2628897927,8;0;0;0
2628903040;0;0;0
2628908152,2;0;0;0
2628913264,4;0;0;0
2628918376,6;0;0;0
2628923488,8;0;0;0
2628928601;0;0;0
2628933713,2;0;0;0
2628938825,4;0;0;0
2628943937,6;0;0;0
2628949049,8;0;0;0
2628954162;0;0;0
2628959274,2;0;0;0
2628964386,4;0;0;0
2628969498,6;0;0;0
2628974610,8;0;0;0
2628979723;0;0;0
2628984835,2;0;0;0
2628989947,4;0;0;0
2628995059,6;0;0;0
2629000171,8;0;0;0
2629005284;0;0;0
2629010396,2;0;0;0
2629015508,4;0;0;0
2629020620,6;0;0;0
2629025732,8;0;0;0
2629030845;0;0;0
2629035957,2;0;0;0
2629041069,4;0;0;0
2629046181,6;0;0;0
2629051293,8;0;0;0
2629056406;0;0;0
2629061518,2;0;0;0
2629066630,4;0;0;0
2629071742,6;0;0;0
2629076854,8;0;0;0
2629081967;0;0;0
2629087079,2;0;0;0
2629092191,4;0;0;0
2629097303,6;0;0;0
2629102415,8;0;0;0
2629107528;0;0;0
2629112640,2;0;0;0
2629117752,4;0;0;0
2629122864,6;0;0;0
2629127976,8;0;0;0
2629133089;0;0;0
2629138201,2;0;0;0
2629143313,4;0;0;0
2629148425,6;0;0;0
2629153537,8;0;0;0
2629158650;0;0;0
2629163762,2;0;0;0
2629168874,4;0;0;0
2629173986,6;0;0;0
2629179098,8;0;0;0
2629184211;0;0;0
2629189323,2;0;0;0
2629194435,4;0;0;0
2629199547,6;0;0;0
2629204659,8;0;0;0
2629209772;0;0;0
2629214884,2;0;0;0
2629219996,4;0;0;0
2629225108,6;0;0;0
2629230220,8;0;0;0
2629235333;0;0;0
2629240445,2;0;0;0
2629245557,4;0;0;0
2629250669,6;0;0;0
2629255781,8;0;0;0
2629260894;0;0;0
2629266006,2;0;0;0
2629271118,4;0;0;0
2629276230,6;0;0;0
2629281342,8;0;0;0
2629286455;0;0;0
2629291567,2;0;0;0
2629296679,4;0;0;0
2629301791,6;0;0;0
2629306903,8;0;0;0
2629312016;0;0;0
2629317128,2;0;0;0
2629322240,4;0;0;0
2629327352,6;0;0;0
2629332464,8;0;0;0
2629337577;0;0;0
2629342689,2;0;0;0
2629347801,4;0;0;0
2629352913,6;0;0;0
2629358025,8;0;0;0
2629363138;0;0;0
2629368250,2;0;0;0
2629373362,4;0;0;0
2629378474,6;0;0;0
2629383586,8;0;0;0
2629388699;0;0;0
2629393811,2;0;0;0
2629398923,4;0;0;0
2629404035,6;0;0;0
2629409147,8;0;0;0
2629414260;0;0;0
2629419372,2;0;0;0
2629424484,4;0;0;0
2629429596,6;0;0;0
2629434708,8;0;0;0
2629439821;0;0;0
2629444933,2;0;0;0
2629450045,4;0;0;0
2629455157,6;0;0;0
2629460269,8;0;0;0
2629465382;0;0;0
2629470494,2;0;0;0
2629475606,4;0;0;0
2629480718,6;0;0;0
2629485830,8;0;0;0
2629490943;0;0;0
2629496055,2;0;0;0
2629501167,4;0;0;0
2629506279,6;0;0;0
2629511391,8;0;0;0
2629516504;0;0;0
2629521616,2;0;0;0
2629526728,4;0;0;0
2629531840,6;0;0;0
2629536952,8;0;0;0
2629542065;0;0;0
2629547177,2;0;0;0
2629552289,4;0;0;0
2629557401,6;0;0;0
2629562513,8;0;0;0
2629567626;0;0;0
2629572738,2;0;0;0
2629577850,4;0;0;0
2629582962,6;0;0;0
2629588074,8;0;0;0
2629593187;0;0;0
2629598299,2;0;0;0
2629603411,4;0;0;0
2629608523,6;0;0;0
2629613635,8;0;0;0
2629618748;0;0;0
2629623860,2;0;0;0
2629628972,4;0;0;0
2629634084,6;0;0;0
2629639196,8;0;0;0
2629644309;0;0;0
2629649421,2;0;0;0
2629654533,4;0;0;0
2629659645,6;0;0;0
2629664757,8;0;0;0
2629669870;0;0;0
2629674982,2;0;0;0
2629680094,4;0;0;0
2629685206,6;0;0;0
2629690318,8;0;0;0
2629695431;0;0;0
2629700543,2;0;0;0
2629705655,4;0;0;0
2629710767,6;0;0;0
2629715879,8;0;0;0
2629720992;0;0;0
2629726104,2;0;0;0
2629731216,4;0;0;0
2629736328,6;0;0;0
2629741440,8;0;0;0
2629746553;0;0;0
2629751665,2;0;0;0
2629756777,4;0;0;0
2629761889,6;0;0;0
2629767001,8;0;0;0
2629772114;0;0;0
2629777226,2;0;0;0
2629782338,4;0;0;0
2629787450,6;0;0;0
2629792562,8;0;0;0
2629797675;0;0;0
2629802787,2;0;0;0
2629807899,4;0;0;0
2629813011,6;0;0;0
2629818123,8;0;0;0
2629823236;0;0;0
2629828348,2;0;0;0
2629833460,4;0;0;0
2629838572,6;0;0;0
2629843684,8;0;0;0
2629848797;0;0;0
2629853909,2;0;0;0
2629859021,4;0;0;0
2629864133,6;0;0;0
2629869245,8;0;0;0
2629874358;0;0;0
2629879470,2;0;0;0
2629884582,4;0;0;0
2629889694,6;0;0;0
2629894806,8;0;0;0
2629899919;0;0;0
2629905031,2;0;0;0
2629910143,4;0;0;0
2629915255,6;0;0;0
2629920367,8;0;0;0
2629925480;0;0;0
2629930592,2;0;0;0
2629935704,4;0;0;0
2629940816,6;0;0;0
2629945928,8;0;0;0
2629951041;0;0;0
2629956153,2;0;0;0
2629961265,4;0;0;0
2629966377,6;0;0;0
2629971489,8;0;0;0
2629976602;0;0;0
2629981714,2;0;0;0
2629986826,4;0;0;0
2629991938,6;0;0;0
2629997050,8;0;0;0
2630002163;0;0;0
2630007275,2;0;0;0
2630012387,4;0;0;0
2630017499,6;0;0;0
2630022611,8;0;0;0
2630027724;0;0;0
2630032836,2;0;0;0
2630037948,4;0;0;0
2630043060,6;0;0;0
2630048172,8;0;0;0
2630053285;0;0;0
2630058397,2;0;0;0
2630063509,4;0;0;0
2630068621,6;0;0;0
2630073733,8;0;0;0
2630078846;0;0;0
2630083958,2;0;0;0
2630089070,4;0;0;0
2630094182,6;0;0;0
2630099294,8;0;0;0
2630104407;0;0;0
2630109519,2;0;0;0
2630114631,4;0;0;0
2630119743,6;0;0;0
2630124855,8;0;0;0
2630129968;0;0;0
2630135080,2;0;0;0
2630140192,4;0;0;0
2630145304,6;0;0;0
2630150416,8;0;0;0
2630155529;0;0;0
2630160641,2;0;0;0
2630165753,4;0;0;0
2630170865,6;0;0;0
2630175977,8;0;0;0
2630181090;0;0;0
2630186202,2;0;0;0
2630191314,4;0;0;0
2630196426,6;0;0;0
2630201538,8;0;0;0
2630206651;0;0;0
2630211763,2;0;0;0
2630216875,4;0;0;0
2630221987,6;0;0;0
2630227099,8;0;0;0
2630232212;0;0;0
2630237324,2;0;0;0
2630242436,4;0;0;0
2630247548,6;0;0;0
2630252660,8;0;0;0
2630257773;0;0;0
2630262885,2;0;0;0
2630267997,4;0;0;0
2630273109,6;0;0;0
2630278221,8;0;0;0
2630283334;0;0;0
2630288446,2;0;0;0
2630293558,4;0;0;0
2630298670,6;0;0;0
2630303782,8;0;0;0
2630308895;0;0;0
2630314007,2;0;0;0
2630319119,4;0;0;0
2630324231,6;0;0;0
2630329343,8;0;0;0
2630334456;0;0;0
2630339568,2;0;0;0
2630344680,4;0;0;0
2630349792,6;0;0;0
2630354904,8;0;0;0
2630360017;0;0;0
2630365129,2;0;0;0
2630370241,4;0;0;0
2630375353,6;0;0;0
2630380465,8;0;0;0
2630385578;0;0;0
2630390690,2;0;0;0
2630395802,4;0;0;0
2630400914,6;0;0;0
2630406026,8;0;0;0
2630411139;0;0;0
2630416251,2;0;0;0
2630421363,4;0;0;0
2630426475,6;0;0;0
2630431587,8;0;0;0
2630436700;0;0;0
2630441812,2;0;0;0
2630446924,4;0;0;0
2630452036,6;0;0;0
2630457148,8;0;0;0
2630462261;0;0;0
2630467373,2;0;0;0
2630472485,4;0;0;0
2630477597,6;0;0;0
2630482709,8;0;0;0
2630487822;0;0;0
2630492934,2;0;0;0
2630498046,4;0;0;0
2630503158,6;0;0;0
2630508270,8;0;0;0
2630513383;0;0;0
2630518495,2;0;0;0
2630523607,4;0;0;0
2630528719,6;0;0;0
2630533831,8;0;0;0
2630538944;0;0;0
2630544056,2;0;0;0
2630549168,4;0;0;0
2630554280,6;0;0;0
2630559392,8;0;0;0
2630564505;0;0;0
2630569617,2;0;0;0
2630574729,4;0;0;0
2630579841,6;0;0;0
2630584953,8;0;0;0
2630590066;0;0;0
2630595178,2;0;0;0
2630600290,4;0;0;0
2630605402,6;0;0;0
2630610514,8;0;0;0
2630615627;0;0;0
2630620739,2;0;0;0
2630625851,4;0;0;0
2630630963,6;0;0;0
2630636075,8;0;0;0
2630641188;0;0;0
2630646300,2;0;0;0
2630651412,4;0;0;0
2630656524,6;0;0;0
2630661636,8;0;0;0
2630666749;0;0;0
2630671861,2;0;0;0
2630676973,4;0;0;0
2630682085,6;0;0;0
2630687197,8;0;0;0
2630692310;0;0;0
2630697422,2;0;0;0
2630702534,4;0;0;0
2630707646,6;0;0;0
2630712758,8;0;0;0
2630717871;0;0;0
2630722983,2;0;0;0
2630728095,4;0;0;0
2630733207,6;0;0;0
2630738319,8;0;0;0
2630743432;0;0;0
2630748544,2;0;0;0
2630753656,4;0;0;0
2630758768,6;0;0;0
2630763880,8;0;0;0
2630768993;0;0;0
2630774105,2;0;0;0
2630779217,4;0;0;0
2630784329,6;0;0;0
2630789441,8;0;0;0
2630794554;0;0;0
2630799666,2;0;0;0
2630804778,4;0;0;0
2630809890,6;0;0;0
2630815002,8;0;0;0
2630820115;0;0;0
2630825227,2;0;0;0
2630830339,4;0;0;0
2630835451,6;0;0;0
2630840563,8;0;0;0
2630845676;0;0;0
2630850788,2;0;0;0
2630855900,4;0;0;0
2630861012,6;0;0;0
2630866124,8;0;0;0
2630871237;0;0;0
2630876349,2;0;0;0
2630881461,4;0;0;0
2630886573,6;0;0;0
2630891685,8;0;0;0
2630896798;0;0;0
2630901910,2;0;0;0
2630907022,4;0;0;0
2630912134,6;0;0;0
2630917246,8;0;0;0
2630922359;0;0;0
2630927471,2;0;0;0
2630932583,4;0;0;0
2630937695,6;0;0;0
2630942807,8;0;0;0
2630947920;0;0;0
2630953032,2;0;0;0
2630958144,4;0;0;0
2630963256,6;0;0;0
2630968368,8;0;0;0
2630973481;0;0;0
2630978593,2;0;0;0
2630983705,4;0;0;0
2630988817,6;0;0;0
2630993929,8;0;0;0
2630999042;0;0;0
2631004154,2;0;0;0
2631009266,4;0;0;0
2631014378,6;0;0;0
2631019490,8;0;0;0
2631024603;0;0;0
2631029715,2;0;0;0
2631034827,4;0;0;0
2631039939,6;0;0;0
2631045051,8;0;0;0
2631050164;0;0;0
2631055276,2;0;0;0
2631060388,4;0;0;0
2631065500,6;0;0;0
2631070612,8;0;0;0
2631075725;0;0;0
2631080837,2;0;0;0
2631085949,4;0;0;0
2631091061,6;0;0;0
2631096173,8;0;0;0
2631101286;0;0;0
2631106398,2;0;0;0
2631111510,4;0;0;0
2631116622,6;0;0;0
2631121734,8;0;0;0
2631126847;0;0;0
2631131959,2;0;0;0
2631137071,4;0;0;0
2631142183,6;0;0;0
2631147295,8;0;0;0
2631152408;0;0;0
2631157520,2;0;0;0
2631162632,4;0;0;0
2631167744,6;0;0;0
2631172856,8;0;0;0
2631177969;0;0;0
2631183081,2;0;0;0
2631188193,4;0;0;0
2631193305,6;0;0;0
2631198417,8;0;0;0
2631203530;0;0;0
2631208642,2;0;0;0
2631213754,4;0;0;0
2631218866,6;0;0;0
2631223978,8;0;0;0
2631229091;0;0;0
2631234203,2;0;0;0
2631239315,4;0;0;0
2631244427,6;0;0;0
2631249539,8;0;0;0
2631254652;0;0;0
2631259764,2;0;0;0
2631264876,4;0;0;0
2631269988,6;0;0;0
2631275100,8;0;0;0
2631280213;0;0;0
2631285325,2;0;0;0
2631290437,4;0;0;0
2631295549,6;0;0;0
2631300661,8;0;0;0
2631305774;0;0;0
2631310886,2;0;0;0
2631315998,4;0;0;0
2631321110,6;0;0;0
2631326222,8;0;0;0
2631331335;0;0;0
2631336447,2;0;0;0
2631341559,4;0;0;0
2631346671,6;0;0;0
2631351783,8;0;0;0
2631356896;0;0;0
2631362008,2;0;0;0
2631367120,4;0;0;0
2631372232,6;0;0;0
2631377344,8;0;0;0
2631382457;0;0;0
2631387569,2;0;0;0
2631392681,4;0;0;0
2631397793,6;0;0;0
2631402905,8;0;0;0
2631408018;0;0;0
2631413130,2;0;0;0
2631418242,4;0;0;0
2631423354,6;0;0;0
2631428466,8;0;0;0
2631433579;0;0;0
2631438691,2;0;0;0
2631443803,4;0;0;0
2631448915,6;0;0;0
2631454027,8;0;0;0
2631459140;0;0;0
2631464252,2;0;0;0
2631469364,4;0;0;0
2631474476,6;0;0;0
2631479588,8;0;0;0
2631484701;0;0;0
2631489813,2;0;0;0
2631494925,4;0;0;0
2631500037,6;0;0;0
2631505149,8;0;0;0
2631510262;0;0;0
2631515374,2;0;0;0
2631520486,4;0;0;0
2631525598,6;0;0;0
2631530710,8;0;0;0
2631535823;0;0;0
2631540935,2;0;0;0
2631546047,4;0;0;0
2631551159,6;0;0;0
2631556271,8;0;0;0
2631561384;0;0;0
2631566496,2;0;0;0
2631571608,4;0;0;0
2631576720,6;0;0;0
2631581832,8;0;0;0
2631586945;0;0;0
2631592057,2;0;0;0
2631597169,4;0;0;0
2631602281,6;0;0;0
2631607393,8;0;0;0
2631612506;0;0;0
2631617618,2;0;0;0
2631622730,4;0;0;0
2631627842,6;0;0;0
2631632954,8;0;0;0
2631638067;0;0;0
2631643179,2;0;0;0
2631648291,4;0;0;0
2631653403,6;0;0;0
2631658515,8;0;0;0
2631663628;0;0;0
2631668740,2;0;0;0
2631673852,4;0;0;0
2631678964,6;0;0;0
2631684076,8;0;0;0
2631689189;0;0;0
2631694301,2;0;0;0
2631699413,4;0;0;0
2631704525,6;0;0;0
2631709637,8;0;0;0
2631714750;0;0;0
2631719862,2;0;0;0
2631724974,4;0;0;0
2631730086,6;0;0;0
2631735198,8;0;0;0
2631740311;0;0;0
2631745423,2;0;0;0
2631750535,4;0;0;0
2631755647,6;0;0;0
2631760759,8;0;0;0
2631765872;0;0;0
2631770984,2;0;0;0
2631776096,4;0;0;0
2631781208,6;0;0;0
2631786320,8;0;0;0
2631791433;0;0;0
2631796545,2;0;0;0
2631801657,4;0;0;0
2631806769,6;0;0;0
2631811881,8;0;0;0
2631816994;0;0;0
2631822106,2;0;0;0
2631827218,4;0;0;0
2631832330,6;0;0;0
2631837442,8;0;0;0
2631842555;0;0;0
2631847667,2;0;0;0
2631852779,4;0;0;0
2631857891,6;0;0;0
2631863003,8;0;0;0
2631868116;0;0;0
2631873228,2;0;0;0
2631878340,4;0;0;0
2631883452,6;0;0;0
2631888564,8;0;0;0
2631893677;0;0;0
2631898789,2;0;0;0
2631903901,4;0;0;0
2631909013,6;0;0;0
2631914125,8;0;0;0
2631919238;0;0;0
2631924350,2;0;0;0
2631929462,4;0;0;0
2631934574,6;0;0;0
2631939686,8;0;0;0
2631944799;0;0;0
2631949911,2;0;0;0
2631955023,4;0;0;0
2631960135,6;0;0;0
2631965247,8;0;0;0
2631970360;0;0;0
2631975472,2;0;0;0
2631980584,4;0;0;0
2631985696,6;0;0;0
2631990808,8;0;0;0
2631995921;0;0;0
2632001033,2;0;0;0
2632006145,4;0;0;0
2632011257,6;0;0;0
2632016369,8;0;0;0
2632021482;0;0;0
2632026594,2;0;0;0
2632031706,4;0;0;0
2632036818,6;0;0;0
2632041930,8;0;0;0
2632047043;0;0;0
2632052155,2;0;0;0
2632057267,4;0;0;0
2632062379,6;0;0;0
2632067491,8;0;0;0
